2026-04-15 20:43:28,962:WARNING:
'cuml' is a soft dependency and not included in the pycaret installation. Please run: `pip install cuml` to install.
2026-04-15 20:43:28,962:WARNING:
'cuml' is a soft dependency and not included in the pycaret installation. Please run: `pip install cuml` to install.
2026-04-15 20:43:28,962:WARNING:
'cuml' is a soft dependency and not included in the pycaret installation. Please run: `pip install cuml` to install.
2026-04-15 20:43:28,962:WARNING:
'cuml' is a soft dependency and not included in the pycaret installation. Please run: `pip install cuml` to install.
2026-04-15 20:43:32,658:INFO:PyCaret ClassificationExperiment
2026-04-15 20:43:32,658:INFO:Logging name: clf-default-name
2026-04-15 20:43:32,658:INFO:ML Usecase: MLUsecase.CLASSIFICATION
2026-04-15 20:43:32,658:INFO:version 3.3.2
2026-04-15 20:43:32,659:INFO:Initializing setup()
2026-04-15 20:43:32,659:INFO:self.USI: db4a
2026-04-15 20:43:32,659:INFO:self._variable_keys: {'X_train', 'pipeline', 'n_jobs_param', 'fold_shuffle_param', 'target_param', 'X', '_available_plots', 'gpu_n_jobs_param', 'fix_imbalance', 'data', 'memory', '_ml_usecase', 'exp_id', 'html_param', 'USI', 'logging_param', 'gpu_param', 'idx', 'y_test', 'fold_groups_param', 'y_train', 'log_plots_param', 'exp_name_log', 'is_multiclass', 'X_test', 'seed', 'fold_generator', 'y'}
2026-04-15 20:43:32,659:INFO:Checking environment
2026-04-15 20:43:32,659:INFO:python_version: 3.11.9
2026-04-15 20:43:32,659:INFO:python_build: ('v3.11.9:de54cf5be3', 'Apr  2 2024 07:12:50')
2026-04-15 20:43:32,659:INFO:machine: arm64
2026-04-15 20:43:32,684:INFO:platform: macOS-15.5-arm64-arm-64bit
2026-04-15 20:43:32,684:INFO:Memory: svmem(total=19327352832, available=3209199616, percent=83.4, used=7406305280, free=72253440, active=3158573056, inactive=2947792896, wired=4247732224)
2026-04-15 20:43:32,684:INFO:Physical Core: 12
2026-04-15 20:43:32,684:INFO:Logical Core: 12
2026-04-15 20:43:32,684:INFO:Checking libraries
2026-04-15 20:43:32,684:INFO:System:
2026-04-15 20:43:32,684:INFO:    python: 3.11.9 (v3.11.9:de54cf5be3, Apr  2 2024, 07:12:50) [Clang 13.0.0 (clang-1300.0.29.30)]
2026-04-15 20:43:32,684:INFO:executable: /Users/yuandongran/Desktop/OIM3641_SP26_MyWork/.venv/bin/python
2026-04-15 20:43:32,684:INFO:   machine: macOS-15.5-arm64-arm-64bit
2026-04-15 20:43:32,684:INFO:PyCaret required dependencies:
2026-04-15 20:44:54,686:WARNING:
'cuml' is a soft dependency and not included in the pycaret installation. Please run: `pip install cuml` to install.
2026-04-15 20:44:54,687:WARNING:
'cuml' is a soft dependency and not included in the pycaret installation. Please run: `pip install cuml` to install.
2026-04-15 20:44:54,687:WARNING:
'cuml' is a soft dependency and not included in the pycaret installation. Please run: `pip install cuml` to install.
2026-04-15 20:44:54,687:WARNING:
'cuml' is a soft dependency and not included in the pycaret installation. Please run: `pip install cuml` to install.
2026-04-15 20:44:55,323:INFO:PyCaret ClassificationExperiment
2026-04-15 20:44:55,323:INFO:Logging name: clf-default-name
2026-04-15 20:44:55,323:INFO:ML Usecase: MLUsecase.CLASSIFICATION
2026-04-15 20:44:55,323:INFO:version 3.3.2
2026-04-15 20:44:55,323:INFO:Initializing setup()
2026-04-15 20:44:55,323:INFO:self.USI: f176
2026-04-15 20:44:55,323:INFO:self._variable_keys: {'exp_id', 'gpu_param', 'y_test', 'X_test', 'n_jobs_param', '_available_plots', 'fold_shuffle_param', 'seed', 'logging_param', 'log_plots_param', 'gpu_n_jobs_param', 'memory', '_ml_usecase', 'USI', 'X', 'is_multiclass', 'exp_name_log', 'y', 'y_train', 'data', 'X_train', 'target_param', 'fold_generator', 'fold_groups_param', 'fix_imbalance', 'pipeline', 'html_param', 'idx'}
2026-04-15 20:44:55,323:INFO:Checking environment
2026-04-15 20:44:55,323:INFO:python_version: 3.11.9
2026-04-15 20:44:55,323:INFO:python_build: ('v3.11.9:de54cf5be3', 'Apr  2 2024 07:12:50')
2026-04-15 20:44:55,323:INFO:machine: arm64
2026-04-15 20:44:55,342:INFO:platform: macOS-15.5-arm64-arm-64bit
2026-04-15 20:44:55,342:INFO:Memory: svmem(total=19327352832, available=3290726400, percent=83.0, used=7228555264, free=61128704, active=3251421184, inactive=3081994240, wired=3977134080)
2026-04-15 20:44:55,342:INFO:Physical Core: 12
2026-04-15 20:44:55,342:INFO:Logical Core: 12
2026-04-15 20:44:55,342:INFO:Checking libraries
2026-04-15 20:44:55,342:INFO:System:
2026-04-15 20:44:55,342:INFO:    python: 3.11.9 (v3.11.9:de54cf5be3, Apr  2 2024, 07:12:50) [Clang 13.0.0 (clang-1300.0.29.30)]
2026-04-15 20:44:55,342:INFO:executable: /Users/yuandongran/Desktop/OIM3641_SP26_MyWork/.venv/bin/python
2026-04-15 20:44:55,342:INFO:   machine: macOS-15.5-arm64-arm-64bit
2026-04-15 20:44:55,342:INFO:PyCaret required dependencies:
2026-04-15 20:44:55,512:INFO:                 pip: 25.1.1
2026-04-15 20:44:55,512:INFO:          setuptools: 80.3.1
2026-04-15 20:44:55,512:INFO:             pycaret: 3.3.2
2026-04-15 20:44:55,512:INFO:             IPython: 9.10.1
2026-04-15 20:44:55,512:INFO:          ipywidgets: 8.1.8
2026-04-15 20:44:55,512:INFO:                tqdm: 4.67.3
2026-04-15 20:44:55,512:INFO:               numpy: 1.26.4
2026-04-15 20:44:55,512:INFO:              pandas: 2.1.4
2026-04-15 20:44:55,512:INFO:              jinja2: 3.1.6
2026-04-15 20:44:55,512:INFO:               scipy: 1.11.4
2026-04-15 20:44:55,512:INFO:              joblib: 1.3.2
2026-04-15 20:44:55,512:INFO:             sklearn: 1.4.2
2026-04-15 20:44:55,512:INFO:                pyod: 3.2.0
2026-04-15 20:44:55,512:INFO:            imblearn: 0.14.1
2026-04-15 20:44:55,512:INFO:   category_encoders: 2.7.0
2026-04-15 20:44:55,512:INFO:            lightgbm: 4.6.0
2026-04-15 20:44:55,512:INFO:               numba: 0.65.0
2026-04-15 20:44:55,512:INFO:            requests: 2.33.1
2026-04-15 20:44:55,512:INFO:          matplotlib: 3.7.5
2026-04-15 20:44:55,512:INFO:          scikitplot: 0.3.7
2026-04-15 20:44:55,512:INFO:         yellowbrick: 1.5
2026-04-15 20:44:55,512:INFO:              plotly: 6.7.0
2026-04-15 20:44:55,512:INFO:    plotly-resampler: Not installed
2026-04-15 20:44:55,512:INFO:             kaleido: 1.2.0
2026-04-15 20:44:55,512:INFO:           schemdraw: 0.15
2026-04-15 20:44:55,512:INFO:         statsmodels: 0.14.6
2026-04-15 20:44:55,512:INFO:              sktime: 0.26.0
2026-04-15 20:44:55,512:INFO:               tbats: 1.1.3
2026-04-15 20:44:55,512:INFO:            pmdarima: 2.0.4
2026-04-15 20:44:55,512:INFO:              psutil: 7.2.2
2026-04-15 20:44:55,512:INFO:          markupsafe: 3.0.3
2026-04-15 20:44:55,512:INFO:             pickle5: Not installed
2026-04-15 20:44:55,512:INFO:         cloudpickle: 3.1.2
2026-04-15 20:44:55,512:INFO:         deprecation: 2.1.0
2026-04-15 20:44:55,512:INFO:              xxhash: 3.6.0
2026-04-15 20:44:55,512:INFO:           wurlitzer: 3.1.1
2026-04-15 20:44:55,512:INFO:PyCaret optional dependencies:
2026-04-15 20:44:55,861:INFO:                shap: Not installed
2026-04-15 20:44:55,861:INFO:           interpret: Not installed
2026-04-15 20:44:55,861:INFO:                umap: Not installed
2026-04-15 20:44:55,861:INFO:     ydata_profiling: Not installed
2026-04-15 20:44:55,861:INFO:  explainerdashboard: Not installed
2026-04-15 20:44:55,861:INFO:             autoviz: Not installed
2026-04-15 20:44:55,861:INFO:           fairlearn: Not installed
2026-04-15 20:44:55,861:INFO:          deepchecks: Not installed
2026-04-15 20:44:55,861:INFO:             xgboost: Not installed
2026-04-15 20:44:55,861:INFO:            catboost: Not installed
2026-04-15 20:44:55,861:INFO:              kmodes: Not installed
2026-04-15 20:44:55,861:INFO:             mlxtend: Not installed
2026-04-15 20:44:55,861:INFO:       statsforecast: Not installed
2026-04-15 20:44:55,861:INFO:        tune_sklearn: Not installed
2026-04-15 20:44:55,861:INFO:                 ray: Not installed
2026-04-15 20:44:55,861:INFO:            hyperopt: Not installed
2026-04-15 20:44:55,861:INFO:              optuna: Not installed
2026-04-15 20:44:55,861:INFO:               skopt: Not installed
2026-04-15 20:44:55,861:INFO:              mlflow: Not installed
2026-04-15 20:44:55,861:INFO:              gradio: Not installed
2026-04-15 20:44:55,861:INFO:             fastapi: 0.135.3
2026-04-15 20:44:55,861:INFO:             uvicorn: 0.44.0
2026-04-15 20:44:55,861:INFO:              m2cgen: Not installed
2026-04-15 20:44:55,861:INFO:           evidently: Not installed
2026-04-15 20:44:55,861:INFO:               fugue: Not installed
2026-04-15 20:44:55,861:INFO:           streamlit: Not installed
2026-04-15 20:44:55,861:INFO:             prophet: Not installed
2026-04-15 20:44:55,861:INFO:None
2026-04-15 20:44:55,861:INFO:Set up data.
2026-04-15 20:44:55,885:INFO:Set up folding strategy.
2026-04-15 20:44:55,885:INFO:Set up train/test split.
2026-04-15 20:44:55,914:INFO:Set up index.
2026-04-15 20:44:55,915:INFO:Assigning column types.
2026-04-15 20:44:55,939:INFO:Engine successfully changes for model 'lr' to 'sklearn'.
2026-04-15 20:44:55,955:INFO:Engine for model 'knn' has not been set explicitly, hence returning None.
2026-04-15 20:44:55,956:INFO:Engine for model 'rbfsvm' has not been set explicitly, hence returning None.
2026-04-15 20:44:55,968:WARNING:
'xgboost' is a soft dependency and not included in the pycaret installation. Please run: `pip install xgboost` to install.
Alternately, you can install this by running `pip install pycaret[models]`
2026-04-15 20:44:55,968:WARNING:
'catboost' is a soft dependency and not included in the pycaret installation. Please run: `pip install catboost` to install.
Alternately, you can install this by running `pip install pycaret[models]`
2026-04-15 20:44:55,984:INFO:Engine for model 'knn' has not been set explicitly, hence returning None.
2026-04-15 20:44:55,984:INFO:Engine for model 'rbfsvm' has not been set explicitly, hence returning None.
2026-04-15 20:44:55,993:WARNING:
'xgboost' is a soft dependency and not included in the pycaret installation. Please run: `pip install xgboost` to install.
Alternately, you can install this by running `pip install pycaret[models]`
2026-04-15 20:44:55,994:WARNING:
'catboost' is a soft dependency and not included in the pycaret installation. Please run: `pip install catboost` to install.
Alternately, you can install this by running `pip install pycaret[models]`
2026-04-15 20:44:55,994:INFO:Engine successfully changes for model 'knn' to 'sklearn'.
2026-04-15 20:44:56,009:INFO:Engine for model 'rbfsvm' has not been set explicitly, hence returning None.
2026-04-15 20:44:56,019:WARNING:
'xgboost' is a soft dependency and not included in the pycaret installation. Please run: `pip install xgboost` to install.
Alternately, you can install this by running `pip install pycaret[models]`
2026-04-15 20:44:56,019:WARNING:
'catboost' is a soft dependency and not included in the pycaret installation. Please run: `pip install catboost` to install.
Alternately, you can install this by running `pip install pycaret[models]`
2026-04-15 20:44:56,035:INFO:Engine for model 'rbfsvm' has not been set explicitly, hence returning None.
2026-04-15 20:44:56,044:WARNING:
'xgboost' is a soft dependency and not included in the pycaret installation. Please run: `pip install xgboost` to install.
Alternately, you can install this by running `pip install pycaret[models]`
2026-04-15 20:44:56,044:WARNING:
'catboost' is a soft dependency and not included in the pycaret installation. Please run: `pip install catboost` to install.
Alternately, you can install this by running `pip install pycaret[models]`
2026-04-15 20:44:56,044:INFO:Engine successfully changes for model 'rbfsvm' to 'sklearn'.
2026-04-15 20:44:56,069:WARNING:
'xgboost' is a soft dependency and not included in the pycaret installation. Please run: `pip install xgboost` to install.
Alternately, you can install this by running `pip install pycaret[models]`
2026-04-15 20:44:56,069:WARNING:
'catboost' is a soft dependency and not included in the pycaret installation. Please run: `pip install catboost` to install.
Alternately, you can install this by running `pip install pycaret[models]`
2026-04-15 20:44:56,094:WARNING:
'xgboost' is a soft dependency and not included in the pycaret installation. Please run: `pip install xgboost` to install.
Alternately, you can install this by running `pip install pycaret[models]`
2026-04-15 20:44:56,094:WARNING:
'catboost' is a soft dependency and not included in the pycaret installation. Please run: `pip install catboost` to install.
Alternately, you can install this by running `pip install pycaret[models]`
2026-04-15 20:44:56,096:INFO:Preparing preprocessing pipeline...
2026-04-15 20:44:56,101:INFO:Set up label encoding.
2026-04-15 20:44:56,101:INFO:Set up simple imputation.
2026-04-15 20:44:56,118:INFO:Set up encoding of ordinal features.
2026-04-15 20:44:56,126:INFO:Set up encoding of categorical features.
2026-04-15 20:44:56,127:INFO:Set up feature normalization.
2026-04-15 20:45:17,460:WARNING:
'cuml' is a soft dependency and not included in the pycaret installation. Please run: `pip install cuml` to install.
2026-04-15 20:45:17,460:WARNING:
'cuml' is a soft dependency and not included in the pycaret installation. Please run: `pip install cuml` to install.
2026-04-15 20:45:17,460:WARNING:
'cuml' is a soft dependency and not included in the pycaret installation. Please run: `pip install cuml` to install.
2026-04-15 20:45:17,460:WARNING:
'cuml' is a soft dependency and not included in the pycaret installation. Please run: `pip install cuml` to install.
2026-04-15 20:45:18,021:INFO:PyCaret ClassificationExperiment
2026-04-15 20:45:18,021:INFO:Logging name: clf-default-name
2026-04-15 20:45:18,021:INFO:ML Usecase: MLUsecase.CLASSIFICATION
2026-04-15 20:45:18,021:INFO:version 3.3.2
2026-04-15 20:45:18,021:INFO:Initializing setup()
2026-04-15 20:45:18,021:INFO:self.USI: 80cd
2026-04-15 20:45:18,021:INFO:self._variable_keys: {'y', 'USI', 'X_train', 'gpu_n_jobs_param', 'y_test', '_ml_usecase', 'X', '_available_plots', 'html_param', 'fold_generator', 'X_test', 'memory', 'target_param', 'pipeline', 'gpu_param', 'idx', 'data', 'exp_name_log', 'is_multiclass', 'seed', 'exp_id', 'n_jobs_param', 'fix_imbalance', 'log_plots_param', 'y_train', 'logging_param', 'fold_shuffle_param', 'fold_groups_param'}
2026-04-15 20:45:18,021:INFO:Checking environment
2026-04-15 20:45:18,021:INFO:python_version: 3.11.9
2026-04-15 20:45:18,021:INFO:python_build: ('v3.11.9:de54cf5be3', 'Apr  2 2024 07:12:50')
2026-04-15 20:45:18,022:INFO:machine: arm64
2026-04-15 20:45:18,040:INFO:platform: macOS-15.5-arm64-arm-64bit
2026-04-15 20:45:18,040:INFO:Memory: svmem(total=19327352832, available=3286138880, percent=83.0, used=7231373312, free=70565888, active=3233923072, inactive=3080290304, wired=3997450240)
2026-04-15 20:45:18,040:INFO:Physical Core: 12
2026-04-15 20:45:18,040:INFO:Logical Core: 12
2026-04-15 20:45:18,040:INFO:Checking libraries
2026-04-15 20:45:18,040:INFO:System:
2026-04-15 20:45:18,040:INFO:    python: 3.11.9 (v3.11.9:de54cf5be3, Apr  2 2024, 07:12:50) [Clang 13.0.0 (clang-1300.0.29.30)]
2026-04-15 20:45:18,040:INFO:executable: /Users/yuandongran/Desktop/OIM3641_SP26_MyWork/.venv/bin/python
2026-04-15 20:45:18,040:INFO:   machine: macOS-15.5-arm64-arm-64bit
2026-04-15 20:45:18,040:INFO:PyCaret required dependencies:
2026-04-15 20:45:18,063:INFO:                 pip: 25.1.1
2026-04-15 20:45:18,063:INFO:          setuptools: 80.3.1
2026-04-15 20:45:18,063:INFO:             pycaret: 3.3.2
2026-04-15 20:45:18,063:INFO:             IPython: 9.10.1
2026-04-15 20:45:18,063:INFO:          ipywidgets: 8.1.8
2026-04-15 20:45:18,064:INFO:                tqdm: 4.67.3
2026-04-15 20:45:18,064:INFO:               numpy: 1.26.4
2026-04-15 20:45:18,064:INFO:              pandas: 2.1.4
2026-04-15 20:45:18,064:INFO:              jinja2: 3.1.6
2026-04-15 20:45:18,064:INFO:               scipy: 1.11.4
2026-04-15 20:45:18,064:INFO:              joblib: 1.3.2
2026-04-15 20:45:18,064:INFO:             sklearn: 1.4.2
2026-04-15 20:45:18,064:INFO:                pyod: 3.2.0
2026-04-15 20:45:18,064:INFO:            imblearn: 0.14.1
2026-04-15 20:45:18,064:INFO:   category_encoders: 2.7.0
2026-04-15 20:45:18,064:INFO:            lightgbm: 4.6.0
2026-04-15 20:45:18,064:INFO:               numba: 0.65.0
2026-04-15 20:45:18,064:INFO:            requests: 2.33.1
2026-04-15 20:45:18,064:INFO:          matplotlib: 3.7.5
2026-04-15 20:45:18,064:INFO:          scikitplot: 0.3.7
2026-04-15 20:45:18,064:INFO:         yellowbrick: 1.5
2026-04-15 20:45:18,064:INFO:              plotly: 6.7.0
2026-04-15 20:45:18,064:INFO:    plotly-resampler: Not installed
2026-04-15 20:45:18,064:INFO:             kaleido: 1.2.0
2026-04-15 20:45:18,064:INFO:           schemdraw: 0.15
2026-04-15 20:45:18,064:INFO:         statsmodels: 0.14.6
2026-04-15 20:45:18,064:INFO:              sktime: 0.26.0
2026-04-15 20:45:18,064:INFO:               tbats: 1.1.3
2026-04-15 20:45:18,064:INFO:            pmdarima: 2.0.4
2026-04-15 20:45:18,064:INFO:              psutil: 7.2.2
2026-04-15 20:45:18,064:INFO:          markupsafe: 3.0.3
2026-04-15 20:45:18,064:INFO:             pickle5: Not installed
2026-04-15 20:45:18,064:INFO:         cloudpickle: 3.1.2
2026-04-15 20:45:18,064:INFO:         deprecation: 2.1.0
2026-04-15 20:45:18,064:INFO:              xxhash: 3.6.0
2026-04-15 20:45:18,064:INFO:           wurlitzer: 3.1.1
2026-04-15 20:45:18,064:INFO:PyCaret optional dependencies:
2026-04-15 20:45:18,250:INFO:                shap: Not installed
2026-04-15 20:45:18,251:INFO:           interpret: Not installed
2026-04-15 20:45:18,251:INFO:                umap: Not installed
2026-04-15 20:45:18,251:INFO:     ydata_profiling: Not installed
2026-04-15 20:45:18,251:INFO:  explainerdashboard: Not installed
2026-04-15 20:45:18,251:INFO:             autoviz: Not installed
2026-04-15 20:45:18,251:INFO:           fairlearn: Not installed
2026-04-15 20:45:18,251:INFO:          deepchecks: Not installed
2026-04-15 20:45:18,251:INFO:             xgboost: Not installed
2026-04-15 20:45:18,251:INFO:            catboost: Not installed
2026-04-15 20:45:18,251:INFO:              kmodes: Not installed
2026-04-15 20:45:18,251:INFO:             mlxtend: Not installed
2026-04-15 20:45:18,251:INFO:       statsforecast: Not installed
2026-04-15 20:45:18,251:INFO:        tune_sklearn: Not installed
2026-04-15 20:45:18,251:INFO:                 ray: Not installed
2026-04-15 20:45:18,251:INFO:            hyperopt: Not installed
2026-04-15 20:45:18,251:INFO:              optuna: Not installed
2026-04-15 20:45:18,251:INFO:               skopt: Not installed
2026-04-15 20:45:18,251:INFO:              mlflow: Not installed
2026-04-15 20:45:18,251:INFO:              gradio: Not installed
2026-04-15 20:45:18,251:INFO:             fastapi: 0.135.3
2026-04-15 20:45:18,251:INFO:             uvicorn: 0.44.0
2026-04-15 20:45:18,251:INFO:              m2cgen: Not installed
2026-04-15 20:45:18,251:INFO:           evidently: Not installed
2026-04-15 20:45:18,251:INFO:               fugue: Not installed
2026-04-15 20:45:18,251:INFO:           streamlit: Not installed
2026-04-15 20:45:18,251:INFO:             prophet: Not installed
2026-04-15 20:45:18,251:INFO:None
2026-04-15 20:45:18,251:INFO:Set up data.
2026-04-15 20:45:18,277:INFO:Set up folding strategy.
2026-04-15 20:45:18,277:INFO:Set up train/test split.
2026-04-15 20:45:18,306:INFO:Set up index.
2026-04-15 20:45:18,307:INFO:Assigning column types.
2026-04-15 20:45:18,332:INFO:Engine successfully changes for model 'lr' to 'sklearn'.
2026-04-15 20:45:18,347:INFO:Engine for model 'knn' has not been set explicitly, hence returning None.
2026-04-15 20:45:18,348:INFO:Engine for model 'rbfsvm' has not been set explicitly, hence returning None.
2026-04-15 20:45:18,360:WARNING:
'xgboost' is a soft dependency and not included in the pycaret installation. Please run: `pip install xgboost` to install.
Alternately, you can install this by running `pip install pycaret[models]`
2026-04-15 20:45:18,360:WARNING:
'catboost' is a soft dependency and not included in the pycaret installation. Please run: `pip install catboost` to install.
Alternately, you can install this by running `pip install pycaret[models]`
2026-04-15 20:45:18,376:INFO:Engine for model 'knn' has not been set explicitly, hence returning None.
2026-04-15 20:45:18,376:INFO:Engine for model 'rbfsvm' has not been set explicitly, hence returning None.
2026-04-15 20:45:18,385:WARNING:
'xgboost' is a soft dependency and not included in the pycaret installation. Please run: `pip install xgboost` to install.
Alternately, you can install this by running `pip install pycaret[models]`
2026-04-15 20:45:18,385:WARNING:
'catboost' is a soft dependency and not included in the pycaret installation. Please run: `pip install catboost` to install.
Alternately, you can install this by running `pip install pycaret[models]`
2026-04-15 20:45:18,385:INFO:Engine successfully changes for model 'knn' to 'sklearn'.
2026-04-15 20:45:18,401:INFO:Engine for model 'rbfsvm' has not been set explicitly, hence returning None.
2026-04-15 20:45:18,410:WARNING:
'xgboost' is a soft dependency and not included in the pycaret installation. Please run: `pip install xgboost` to install.
Alternately, you can install this by running `pip install pycaret[models]`
2026-04-15 20:45:18,410:WARNING:
'catboost' is a soft dependency and not included in the pycaret installation. Please run: `pip install catboost` to install.
Alternately, you can install this by running `pip install pycaret[models]`
2026-04-15 20:45:18,426:INFO:Engine for model 'rbfsvm' has not been set explicitly, hence returning None.
2026-04-15 20:45:18,435:WARNING:
'xgboost' is a soft dependency and not included in the pycaret installation. Please run: `pip install xgboost` to install.
Alternately, you can install this by running `pip install pycaret[models]`
2026-04-15 20:45:18,436:WARNING:
'catboost' is a soft dependency and not included in the pycaret installation. Please run: `pip install catboost` to install.
Alternately, you can install this by running `pip install pycaret[models]`
2026-04-15 20:45:18,436:INFO:Engine successfully changes for model 'rbfsvm' to 'sklearn'.
2026-04-15 20:45:18,460:WARNING:
'xgboost' is a soft dependency and not included in the pycaret installation. Please run: `pip install xgboost` to install.
Alternately, you can install this by running `pip install pycaret[models]`
2026-04-15 20:45:18,460:WARNING:
'catboost' is a soft dependency and not included in the pycaret installation. Please run: `pip install catboost` to install.
Alternately, you can install this by running `pip install pycaret[models]`
2026-04-15 20:45:18,485:WARNING:
'xgboost' is a soft dependency and not included in the pycaret installation. Please run: `pip install xgboost` to install.
Alternately, you can install this by running `pip install pycaret[models]`
2026-04-15 20:45:18,485:WARNING:
'catboost' is a soft dependency and not included in the pycaret installation. Please run: `pip install catboost` to install.
Alternately, you can install this by running `pip install pycaret[models]`
2026-04-15 20:45:18,486:INFO:Preparing preprocessing pipeline...
2026-04-15 20:45:18,491:INFO:Set up label encoding.
2026-04-15 20:45:18,491:INFO:Set up simple imputation.
2026-04-15 20:45:18,509:INFO:Set up encoding of ordinal features.
2026-04-15 20:45:18,516:INFO:Set up encoding of categorical features.
2026-04-15 20:45:18,516:INFO:Set up feature normalization.
2026-04-15 20:46:52,093:WARNING:
'cuml' is a soft dependency and not included in the pycaret installation. Please run: `pip install cuml` to install.
2026-04-15 20:46:52,093:WARNING:
'cuml' is a soft dependency and not included in the pycaret installation. Please run: `pip install cuml` to install.
2026-04-15 20:46:52,094:WARNING:
'cuml' is a soft dependency and not included in the pycaret installation. Please run: `pip install cuml` to install.
2026-04-15 20:46:52,094:WARNING:
'cuml' is a soft dependency and not included in the pycaret installation. Please run: `pip install cuml` to install.
2026-04-15 20:46:52,704:INFO:PyCaret ClassificationExperiment
2026-04-15 20:46:52,704:INFO:Logging name: clf-default-name
2026-04-15 20:46:52,704:INFO:ML Usecase: MLUsecase.CLASSIFICATION
2026-04-15 20:46:52,704:INFO:version 3.3.2
2026-04-15 20:46:52,704:INFO:Initializing setup()
2026-04-15 20:46:52,704:INFO:self.USI: 14a6
2026-04-15 20:46:52,704:INFO:self._variable_keys: {'target_param', 'seed', 'n_jobs_param', 'fold_groups_param', 'fold_shuffle_param', 'data', 'pipeline', 'html_param', 'gpu_n_jobs_param', 'exp_id', 'X', '_available_plots', 'X_test', 'idx', 'gpu_param', 'fix_imbalance', 'log_plots_param', '_ml_usecase', 'y', 'exp_name_log', 'y_test', 'is_multiclass', 'USI', 'y_train', 'fold_generator', 'memory', 'X_train', 'logging_param'}
2026-04-15 20:46:52,704:INFO:Checking environment
2026-04-15 20:46:52,704:INFO:python_version: 3.11.9
2026-04-15 20:46:52,704:INFO:python_build: ('v3.11.9:de54cf5be3', 'Apr  2 2024 07:12:50')
2026-04-15 20:46:52,704:INFO:machine: arm64
2026-04-15 20:46:52,726:INFO:platform: macOS-15.5-arm64-arm-64bit
2026-04-15 20:46:52,726:INFO:Memory: svmem(total=19327352832, available=3136274432, percent=83.8, used=7298678784, free=62570496, active=3093463040, inactive=2909782016, wired=4205215744)
2026-04-15 20:46:52,726:INFO:Physical Core: 12
2026-04-15 20:46:52,726:INFO:Logical Core: 12
2026-04-15 20:46:52,726:INFO:Checking libraries
2026-04-15 20:46:52,726:INFO:System:
2026-04-15 20:46:52,726:INFO:    python: 3.11.9 (v3.11.9:de54cf5be3, Apr  2 2024, 07:12:50) [Clang 13.0.0 (clang-1300.0.29.30)]
2026-04-15 20:46:52,727:INFO:executable: /Users/yuandongran/Desktop/OIM3641_SP26_MyWork/.venv/bin/python
2026-04-15 20:46:52,727:INFO:   machine: macOS-15.5-arm64-arm-64bit
2026-04-15 20:46:52,727:INFO:PyCaret required dependencies:
2026-04-15 20:46:52,754:INFO:                 pip: 25.1.1
2026-04-15 20:46:52,754:INFO:          setuptools: 80.3.1
2026-04-15 20:46:52,754:INFO:             pycaret: 3.3.2
2026-04-15 20:46:52,754:INFO:             IPython: 9.10.1
2026-04-15 20:46:52,754:INFO:          ipywidgets: 8.1.8
2026-04-15 20:46:52,754:INFO:                tqdm: 4.67.3
2026-04-15 20:46:52,754:INFO:               numpy: 1.26.4
2026-04-15 20:46:52,754:INFO:              pandas: 2.1.4
2026-04-15 20:46:52,754:INFO:              jinja2: 3.1.6
2026-04-15 20:46:52,754:INFO:               scipy: 1.11.4
2026-04-15 20:46:52,754:INFO:              joblib: 1.3.2
2026-04-15 20:46:52,754:INFO:             sklearn: 1.4.2
2026-04-15 20:46:52,754:INFO:                pyod: 3.2.0
2026-04-15 20:46:52,754:INFO:            imblearn: 0.14.1
2026-04-15 20:46:52,754:INFO:   category_encoders: 2.7.0
2026-04-15 20:46:52,754:INFO:            lightgbm: 4.6.0
2026-04-15 20:46:52,754:INFO:               numba: 0.65.0
2026-04-15 20:46:52,754:INFO:            requests: 2.33.1
2026-04-15 20:46:52,754:INFO:          matplotlib: 3.7.5
2026-04-15 20:46:52,754:INFO:          scikitplot: 0.3.7
2026-04-15 20:46:52,754:INFO:         yellowbrick: 1.5
2026-04-15 20:46:52,754:INFO:              plotly: 6.7.0
2026-04-15 20:46:52,754:INFO:    plotly-resampler: Not installed
2026-04-15 20:46:52,754:INFO:             kaleido: 1.2.0
2026-04-15 20:46:52,754:INFO:           schemdraw: 0.15
2026-04-15 20:46:52,754:INFO:         statsmodels: 0.14.6
2026-04-15 20:46:52,754:INFO:              sktime: 0.26.0
2026-04-15 20:46:52,754:INFO:               tbats: 1.1.3
2026-04-15 20:46:52,754:INFO:            pmdarima: 2.0.4
2026-04-15 20:46:52,754:INFO:              psutil: 7.2.2
2026-04-15 20:46:52,754:INFO:          markupsafe: 3.0.3
2026-04-15 20:46:52,754:INFO:             pickle5: Not installed
2026-04-15 20:46:52,754:INFO:         cloudpickle: 3.1.2
2026-04-15 20:46:52,754:INFO:         deprecation: 2.1.0
2026-04-15 20:46:52,754:INFO:              xxhash: 3.6.0
2026-04-15 20:46:52,754:INFO:           wurlitzer: 3.1.1
2026-04-15 20:46:52,754:INFO:PyCaret optional dependencies:
2026-04-15 20:46:52,960:INFO:                shap: Not installed
2026-04-15 20:46:52,960:INFO:           interpret: Not installed
2026-04-15 20:46:52,960:INFO:                umap: Not installed
2026-04-15 20:46:52,960:INFO:     ydata_profiling: Not installed
2026-04-15 20:46:52,960:INFO:  explainerdashboard: Not installed
2026-04-15 20:46:52,960:INFO:             autoviz: Not installed
2026-04-15 20:46:52,960:INFO:           fairlearn: Not installed
2026-04-15 20:46:52,960:INFO:          deepchecks: Not installed
2026-04-15 20:46:52,960:INFO:             xgboost: Not installed
2026-04-15 20:46:52,960:INFO:            catboost: Not installed
2026-04-15 20:46:52,960:INFO:              kmodes: Not installed
2026-04-15 20:46:52,960:INFO:             mlxtend: Not installed
2026-04-15 20:46:52,960:INFO:       statsforecast: Not installed
2026-04-15 20:46:52,960:INFO:        tune_sklearn: Not installed
2026-04-15 20:46:52,960:INFO:                 ray: Not installed
2026-04-15 20:46:52,960:INFO:            hyperopt: Not installed
2026-04-15 20:46:52,960:INFO:              optuna: Not installed
2026-04-15 20:46:52,960:INFO:               skopt: Not installed
2026-04-15 20:46:52,960:INFO:              mlflow: Not installed
2026-04-15 20:46:52,960:INFO:              gradio: Not installed
2026-04-15 20:46:52,960:INFO:             fastapi: 0.135.3
2026-04-15 20:46:52,960:INFO:             uvicorn: 0.44.0
2026-04-15 20:46:52,960:INFO:              m2cgen: Not installed
2026-04-15 20:46:52,960:INFO:           evidently: Not installed
2026-04-15 20:46:52,960:INFO:               fugue: Not installed
2026-04-15 20:46:52,960:INFO:           streamlit: Not installed
2026-04-15 20:46:52,960:INFO:             prophet: Not installed
2026-04-15 20:46:52,960:INFO:None
2026-04-15 20:46:52,960:INFO:Set up data.
2026-04-15 20:46:52,984:INFO:Set up folding strategy.
2026-04-15 20:46:52,984:INFO:Set up train/test split.
2026-04-15 20:46:53,003:INFO:Set up index.
2026-04-15 20:46:53,004:INFO:Assigning column types.
2026-04-15 20:46:53,006:INFO:Engine successfully changes for model 'lr' to 'sklearn'.
2026-04-15 20:46:53,022:INFO:Engine for model 'knn' has not been set explicitly, hence returning None.
2026-04-15 20:46:53,023:INFO:Engine for model 'rbfsvm' has not been set explicitly, hence returning None.
2026-04-15 20:46:53,035:WARNING:
'xgboost' is a soft dependency and not included in the pycaret installation. Please run: `pip install xgboost` to install.
Alternately, you can install this by running `pip install pycaret[models]`
2026-04-15 20:46:53,036:WARNING:
'catboost' is a soft dependency and not included in the pycaret installation. Please run: `pip install catboost` to install.
Alternately, you can install this by running `pip install pycaret[models]`
2026-04-15 20:46:53,051:INFO:Engine for model 'knn' has not been set explicitly, hence returning None.
2026-04-15 20:46:53,051:INFO:Engine for model 'rbfsvm' has not been set explicitly, hence returning None.
2026-04-15 20:46:53,061:WARNING:
'xgboost' is a soft dependency and not included in the pycaret installation. Please run: `pip install xgboost` to install.
Alternately, you can install this by running `pip install pycaret[models]`
2026-04-15 20:46:53,061:WARNING:
'catboost' is a soft dependency and not included in the pycaret installation. Please run: `pip install catboost` to install.
Alternately, you can install this by running `pip install pycaret[models]`
2026-04-15 20:46:53,061:INFO:Engine successfully changes for model 'knn' to 'sklearn'.
2026-04-15 20:46:53,077:INFO:Engine for model 'rbfsvm' has not been set explicitly, hence returning None.
2026-04-15 20:46:53,087:WARNING:
'xgboost' is a soft dependency and not included in the pycaret installation. Please run: `pip install xgboost` to install.
Alternately, you can install this by running `pip install pycaret[models]`
2026-04-15 20:46:53,087:WARNING:
'catboost' is a soft dependency and not included in the pycaret installation. Please run: `pip install catboost` to install.
Alternately, you can install this by running `pip install pycaret[models]`
2026-04-15 20:46:53,103:INFO:Engine for model 'rbfsvm' has not been set explicitly, hence returning None.
2026-04-15 20:46:53,112:WARNING:
'xgboost' is a soft dependency and not included in the pycaret installation. Please run: `pip install xgboost` to install.
Alternately, you can install this by running `pip install pycaret[models]`
2026-04-15 20:46:53,112:WARNING:
'catboost' is a soft dependency and not included in the pycaret installation. Please run: `pip install catboost` to install.
Alternately, you can install this by running `pip install pycaret[models]`
2026-04-15 20:46:53,112:INFO:Engine successfully changes for model 'rbfsvm' to 'sklearn'.
2026-04-15 20:46:53,137:WARNING:
'xgboost' is a soft dependency and not included in the pycaret installation. Please run: `pip install xgboost` to install.
Alternately, you can install this by running `pip install pycaret[models]`
2026-04-15 20:46:53,137:WARNING:
'catboost' is a soft dependency and not included in the pycaret installation. Please run: `pip install catboost` to install.
Alternately, you can install this by running `pip install pycaret[models]`
2026-04-15 20:46:53,162:WARNING:
'xgboost' is a soft dependency and not included in the pycaret installation. Please run: `pip install xgboost` to install.
Alternately, you can install this by running `pip install pycaret[models]`
2026-04-15 20:46:53,162:WARNING:
'catboost' is a soft dependency and not included in the pycaret installation. Please run: `pip install catboost` to install.
Alternately, you can install this by running `pip install pycaret[models]`
2026-04-15 20:46:53,163:INFO:Preparing preprocessing pipeline...
2026-04-15 20:46:53,164:INFO:Set up label encoding.
2026-04-15 20:46:53,164:INFO:Set up simple imputation.
2026-04-15 20:46:53,167:INFO:Set up encoding of ordinal features.
2026-04-15 20:46:53,168:INFO:Set up encoding of categorical features.
2026-04-15 20:46:53,168:INFO:Set up feature normalization.
2026-04-15 20:46:53,392:INFO:Finished creating preprocessing pipeline.
2026-04-15 20:46:53,398:INFO:Pipeline: Pipeline(memory=FastMemory(location=/var/folders/kn/vtn_q33s71b2kn1r7vbsyklm0000gn/T/joblib),
         steps=[('label_encoding',
                 TransformerWrapperWithInverse(exclude=None, include=None,
                                               transformer=LabelEncoder())),
                ('numerical_imputer',
                 TransformerWrapper(exclude=None,
                                    include=['age', 'fnlwgt', 'education_num',
                                             'capital_gain', 'capital_loss',
                                             'hours_per_week'],
                                    transf...
                 TransformerWrapper(exclude=None, include=['native_country'],
                                    transformer=TargetEncoder(cols=['native_country'],
                                                              drop_invariant=False,
                                                              handle_missing='return_nan',
                                                              handle_unknown='value',
                                                              hierarchy=None,
                                                              min_samples_leaf=20,
                                                              return_df=True,
                                                              smoothing=10,
                                                              verbose=0))),
                ('normalize',
                 TransformerWrapper(exclude=None, include=None,
                                    transformer=StandardScaler(copy=True,
                                                               with_mean=True,
                                                               with_std=True)))],
         verbose=False)
2026-04-15 20:46:53,398:INFO:Creating final display dataframe.
2026-04-15 20:46:53,776:INFO:Setup _display_container:                     Description              Value
0                    Session id                 42
1                        Target             income
2                   Target type             Binary
3                Target mapping  <=50K: 0, >50K: 1
4           Original data shape        (32561, 15)
5        Transformed data shape        (32561, 65)
6   Transformed train set shape        (26048, 65)
7    Transformed test set shape         (6513, 65)
8              Numeric features                  6
9          Categorical features                  8
10     Rows with missing values               7.4%
11                   Preprocess               True
12              Imputation type             simple
13           Numeric imputation               mean
14       Categorical imputation               mode
15     Maximum one-hot encoding                 25
16              Encoding method               None
17                    Normalize               True
18             Normalize method             zscore
19               Fold Generator    StratifiedKFold
20                  Fold Number                  5
21                     CPU Jobs                 -1
22                      Use GPU              False
23               Log Experiment              False
24              Experiment Name   clf-default-name
25                          USI               14a6
2026-04-15 20:46:53,802:WARNING:
'xgboost' is a soft dependency and not included in the pycaret installation. Please run: `pip install xgboost` to install.
Alternately, you can install this by running `pip install pycaret[models]`
2026-04-15 20:46:53,802:WARNING:
'catboost' is a soft dependency and not included in the pycaret installation. Please run: `pip install catboost` to install.
Alternately, you can install this by running `pip install pycaret[models]`
2026-04-15 20:46:53,827:WARNING:
'xgboost' is a soft dependency and not included in the pycaret installation. Please run: `pip install xgboost` to install.
Alternately, you can install this by running `pip install pycaret[models]`
2026-04-15 20:46:53,827:WARNING:
'catboost' is a soft dependency and not included in the pycaret installation. Please run: `pip install catboost` to install.
Alternately, you can install this by running `pip install pycaret[models]`
2026-04-15 20:46:53,828:INFO:setup() successfully completed in 1.13s...............
2026-04-15 20:46:53,828:INFO:Initializing compare_models()
2026-04-15 20:46:53,828:INFO:compare_models(self=<pycaret.classification.oop.ClassificationExperiment object at 0x31c7efbd0>, include=None, exclude=None, fold=None, round=4, cross_validation=True, sort=Accuracy, n_select=3, budget_time=None, turbo=True, errors=ignore, fit_kwargs=None, groups=None, experiment_custom_tags=None, probability_threshold=None, verbose=True, parallel=None, caller_params={'self': <pycaret.classification.oop.ClassificationExperiment object at 0x31c7efbd0>, 'include': None, 'exclude': None, 'fold': None, 'round': 4, 'cross_validation': True, 'sort': 'Accuracy', 'n_select': 3, 'budget_time': None, 'turbo': True, 'errors': 'ignore', 'fit_kwargs': None, 'groups': None, 'experiment_custom_tags': None, 'probability_threshold': None, 'engine': None, 'verbose': True, 'parallel': None, '__class__': <class 'pycaret.classification.oop.ClassificationExperiment'>})
2026-04-15 20:46:53,828:INFO:Checking exceptions
2026-04-15 20:46:53,831:INFO:Preparing display monitor
2026-04-15 20:46:53,877:INFO:Initializing Logistic Regression
2026-04-15 20:46:53,877:INFO:Total runtime is 2.49942143758138e-06 minutes
2026-04-15 20:46:53,877:INFO:SubProcess create_model() called ==================================
2026-04-15 20:46:53,878:INFO:Initializing create_model()
2026-04-15 20:46:53,878:INFO:create_model(self=<pycaret.classification.oop.ClassificationExperiment object at 0x31c7efbd0>, estimator=lr, fold=StratifiedKFold(n_splits=5, random_state=None, shuffle=False), round=4, cross_validation=True, predict=True, fit_kwargs={}, groups=None, refit=False, probability_threshold=None, experiment_custom_tags=None, verbose=False, system=False, add_to_model_list=True, metrics=None, display=<pycaret.internal.display.display.CommonDisplay object at 0x31ce58d10>, model_only=True, return_train_score=False, error_score=0.0, kwargs={})
2026-04-15 20:46:53,878:INFO:Checking exceptions
2026-04-15 20:46:53,878:INFO:Importing libraries
2026-04-15 20:46:53,878:INFO:Copying training dataset
2026-04-15 20:46:53,883:INFO:Defining folds
2026-04-15 20:46:53,883:INFO:Declaring metric variables
2026-04-15 20:46:53,883:INFO:Importing untrained model
2026-04-15 20:46:53,883:INFO:Logistic Regression Imported successfully
2026-04-15 20:46:53,886:INFO:Starting cross validation
2026-04-15 20:46:53,887:INFO:Cross validating with StratifiedKFold(n_splits=5, random_state=None, shuffle=False), n_jobs=-1
2026-04-15 20:46:55,646:WARNING:/Users/yuandongran/Desktop/OIM3641_SP26_MyWork/.venv/lib/python3.11/site-packages/sklearn/metrics/_classification.py:1561: UserWarning: Note that pos_label (set to '>50K') is ignored when average != 'binary' (got 'weighted'). You may use labels=[pos_label] to specify a single positive class.
  warnings.warn(

2026-04-15 20:46:55,646:WARNING:/Users/yuandongran/Desktop/OIM3641_SP26_MyWork/.venv/lib/python3.11/site-packages/sklearn/metrics/_classification.py:1561: UserWarning: Note that pos_label (set to '>50K') is ignored when average != 'binary' (got 'weighted'). You may use labels=[pos_label] to specify a single positive class.
  warnings.warn(

2026-04-15 20:46:55,647:WARNING:/Users/yuandongran/Desktop/OIM3641_SP26_MyWork/.venv/lib/python3.11/site-packages/sklearn/metrics/_classification.py:1561: UserWarning: Note that pos_label (set to '>50K') is ignored when average != 'binary' (got 'weighted'). You may use labels=[pos_label] to specify a single positive class.
  warnings.warn(

2026-04-15 20:46:55,662:WARNING:/Users/yuandongran/Desktop/OIM3641_SP26_MyWork/.venv/lib/python3.11/site-packages/sklearn/metrics/_classification.py:1561: UserWarning: Note that pos_label (set to '>50K') is ignored when average != 'binary' (got 'weighted'). You may use labels=[pos_label] to specify a single positive class.
  warnings.warn(

2026-04-15 20:46:55,662:WARNING:/Users/yuandongran/Desktop/OIM3641_SP26_MyWork/.venv/lib/python3.11/site-packages/sklearn/metrics/_classification.py:1561: UserWarning: Note that pos_label (set to '>50K') is ignored when average != 'binary' (got 'weighted'). You may use labels=[pos_label] to specify a single positive class.
  warnings.warn(

2026-04-15 20:46:55,662:WARNING:/Users/yuandongran/Desktop/OIM3641_SP26_MyWork/.venv/lib/python3.11/site-packages/sklearn/metrics/_classification.py:1561: UserWarning: Note that pos_label (set to '>50K') is ignored when average != 'binary' (got 'weighted'). You may use labels=[pos_label] to specify a single positive class.
  warnings.warn(

2026-04-15 20:46:55,676:WARNING:/Users/yuandongran/Desktop/OIM3641_SP26_MyWork/.venv/lib/python3.11/site-packages/sklearn/metrics/_classification.py:1561: UserWarning: Note that pos_label (set to '>50K') is ignored when average != 'binary' (got 'weighted'). You may use labels=[pos_label] to specify a single positive class.
  warnings.warn(

2026-04-15 20:46:55,677:WARNING:/Users/yuandongran/Desktop/OIM3641_SP26_MyWork/.venv/lib/python3.11/site-packages/sklearn/metrics/_classification.py:1561: UserWarning: Note that pos_label (set to '>50K') is ignored when average != 'binary' (got 'weighted'). You may use labels=[pos_label] to specify a single positive class.
  warnings.warn(

2026-04-15 20:46:55,677:WARNING:/Users/yuandongran/Desktop/OIM3641_SP26_MyWork/.venv/lib/python3.11/site-packages/sklearn/metrics/_classification.py:1561: UserWarning: Note that pos_label (set to '>50K') is ignored when average != 'binary' (got 'weighted'). You may use labels=[pos_label] to specify a single positive class.
  warnings.warn(

2026-04-15 20:46:55,677:WARNING:/Users/yuandongran/Desktop/OIM3641_SP26_MyWork/.venv/lib/python3.11/site-packages/sklearn/metrics/_classification.py:1561: UserWarning: Note that pos_label (set to '>50K') is ignored when average != 'binary' (got 'weighted'). You may use labels=[pos_label] to specify a single positive class.
  warnings.warn(

2026-04-15 20:46:55,681:WARNING:/Users/yuandongran/Desktop/OIM3641_SP26_MyWork/.venv/lib/python3.11/site-packages/sklearn/metrics/_classification.py:1561: UserWarning: Note that pos_label (set to '>50K') is ignored when average != 'binary' (got 'weighted'). You may use labels=[pos_label] to specify a single positive class.
  warnings.warn(

2026-04-15 20:46:55,692:WARNING:/Users/yuandongran/Desktop/OIM3641_SP26_MyWork/.venv/lib/python3.11/site-packages/sklearn/metrics/_classification.py:1561: UserWarning: Note that pos_label (set to '>50K') is ignored when average != 'binary' (got 'weighted'). You may use labels=[pos_label] to specify a single positive class.
  warnings.warn(

2026-04-15 20:46:55,697:WARNING:/Users/yuandongran/Desktop/OIM3641_SP26_MyWork/.venv/lib/python3.11/site-packages/sklearn/metrics/_classification.py:1561: UserWarning: Note that pos_label (set to '>50K') is ignored when average != 'binary' (got 'weighted'). You may use labels=[pos_label] to specify a single positive class.
  warnings.warn(

2026-04-15 20:46:55,708:WARNING:/Users/yuandongran/Desktop/OIM3641_SP26_MyWork/.venv/lib/python3.11/site-packages/sklearn/metrics/_classification.py:1561: UserWarning: Note that pos_label (set to '>50K') is ignored when average != 'binary' (got 'weighted'). You may use labels=[pos_label] to specify a single positive class.
  warnings.warn(

2026-04-15 20:46:55,713:WARNING:/Users/yuandongran/Desktop/OIM3641_SP26_MyWork/.venv/lib/python3.11/site-packages/sklearn/metrics/_classification.py:1561: UserWarning: Note that pos_label (set to '>50K') is ignored when average != 'binary' (got 'weighted'). You may use labels=[pos_label] to specify a single positive class.
  warnings.warn(

2026-04-15 20:46:55,748:INFO:Calculating mean and std
2026-04-15 20:46:55,749:INFO:Creating metrics dataframe
2026-04-15 20:46:55,750:INFO:Uploading results into container
2026-04-15 20:46:55,750:INFO:Uploading model into container now
2026-04-15 20:46:55,751:INFO:_master_model_container: 1
2026-04-15 20:46:55,751:INFO:_display_container: 2
2026-04-15 20:46:55,751:INFO:LogisticRegression(C=1.0, class_weight=None, dual=False, fit_intercept=True,
                   intercept_scaling=1, l1_ratio=None, max_iter=1000,
                   multi_class='auto', n_jobs=None, penalty='l2',
                   random_state=42, solver='lbfgs', tol=0.0001, verbose=0,
                   warm_start=False)
2026-04-15 20:46:55,751:INFO:create_model() successfully completed......................................
2026-04-15 20:46:55,802:INFO:SubProcess create_model() end ==================================
2026-04-15 20:46:55,802:INFO:Creating metrics dataframe
2026-04-15 20:46:55,803:INFO:Initializing K Neighbors Classifier
2026-04-15 20:46:55,803:INFO:Total runtime is 0.032097081343332924 minutes
2026-04-15 20:46:55,803:INFO:SubProcess create_model() called ==================================
2026-04-15 20:46:55,803:INFO:Initializing create_model()
2026-04-15 20:46:55,803:INFO:create_model(self=<pycaret.classification.oop.ClassificationExperiment object at 0x31c7efbd0>, estimator=knn, fold=StratifiedKFold(n_splits=5, random_state=None, shuffle=False), round=4, cross_validation=True, predict=True, fit_kwargs={}, groups=None, refit=False, probability_threshold=None, experiment_custom_tags=None, verbose=False, system=False, add_to_model_list=True, metrics=None, display=<pycaret.internal.display.display.CommonDisplay object at 0x31ce58d10>, model_only=True, return_train_score=False, error_score=0.0, kwargs={})
2026-04-15 20:46:55,803:INFO:Checking exceptions
2026-04-15 20:46:55,803:INFO:Importing libraries
2026-04-15 20:46:55,803:INFO:Copying training dataset
2026-04-15 20:46:55,807:INFO:Defining folds
2026-04-15 20:46:55,808:INFO:Declaring metric variables
2026-04-15 20:46:55,808:INFO:Importing untrained model
2026-04-15 20:46:55,808:INFO:K Neighbors Classifier Imported successfully
2026-04-15 20:46:55,808:INFO:Starting cross validation
2026-04-15 20:46:55,809:INFO:Cross validating with StratifiedKFold(n_splits=5, random_state=None, shuffle=False), n_jobs=-1
2026-04-15 20:46:57,337:WARNING:/Users/yuandongran/Desktop/OIM3641_SP26_MyWork/.venv/lib/python3.11/site-packages/sklearn/metrics/_classification.py:1561: UserWarning: Note that pos_label (set to '>50K') is ignored when average != 'binary' (got 'weighted'). You may use labels=[pos_label] to specify a single positive class.
  warnings.warn(

2026-04-15 20:46:57,354:WARNING:/Users/yuandongran/Desktop/OIM3641_SP26_MyWork/.venv/lib/python3.11/site-packages/sklearn/metrics/_classification.py:1561: UserWarning: Note that pos_label (set to '>50K') is ignored when average != 'binary' (got 'weighted'). You may use labels=[pos_label] to specify a single positive class.
  warnings.warn(

2026-04-15 20:46:57,369:WARNING:/Users/yuandongran/Desktop/OIM3641_SP26_MyWork/.venv/lib/python3.11/site-packages/sklearn/metrics/_classification.py:1561: UserWarning: Note that pos_label (set to '>50K') is ignored when average != 'binary' (got 'weighted'). You may use labels=[pos_label] to specify a single positive class.
  warnings.warn(

2026-04-15 20:46:58,437:WARNING:/Users/yuandongran/Desktop/OIM3641_SP26_MyWork/.venv/lib/python3.11/site-packages/sklearn/metrics/_classification.py:1561: UserWarning: Note that pos_label (set to '>50K') is ignored when average != 'binary' (got 'weighted'). You may use labels=[pos_label] to specify a single positive class.
  warnings.warn(

2026-04-15 20:46:58,454:WARNING:/Users/yuandongran/Desktop/OIM3641_SP26_MyWork/.venv/lib/python3.11/site-packages/sklearn/metrics/_classification.py:1561: UserWarning: Note that pos_label (set to '>50K') is ignored when average != 'binary' (got 'weighted'). You may use labels=[pos_label] to specify a single positive class.
  warnings.warn(

2026-04-15 20:46:58,454:WARNING:/Users/yuandongran/Desktop/OIM3641_SP26_MyWork/.venv/lib/python3.11/site-packages/sklearn/metrics/_classification.py:1561: UserWarning: Note that pos_label (set to '>50K') is ignored when average != 'binary' (got 'weighted'). You may use labels=[pos_label] to specify a single positive class.
  warnings.warn(

2026-04-15 20:46:58,455:WARNING:/Users/yuandongran/Desktop/OIM3641_SP26_MyWork/.venv/lib/python3.11/site-packages/sklearn/metrics/_classification.py:1561: UserWarning: Note that pos_label (set to '>50K') is ignored when average != 'binary' (got 'weighted'). You may use labels=[pos_label] to specify a single positive class.
  warnings.warn(

2026-04-15 20:46:58,462:WARNING:/Users/yuandongran/Desktop/OIM3641_SP26_MyWork/.venv/lib/python3.11/site-packages/sklearn/metrics/_classification.py:1561: UserWarning: Note that pos_label (set to '>50K') is ignored when average != 'binary' (got 'weighted'). You may use labels=[pos_label] to specify a single positive class.
  warnings.warn(

2026-04-15 20:46:58,469:WARNING:/Users/yuandongran/Desktop/OIM3641_SP26_MyWork/.venv/lib/python3.11/site-packages/sklearn/metrics/_classification.py:1561: UserWarning: Note that pos_label (set to '>50K') is ignored when average != 'binary' (got 'weighted'). You may use labels=[pos_label] to specify a single positive class.
  warnings.warn(

2026-04-15 20:46:58,470:WARNING:/Users/yuandongran/Desktop/OIM3641_SP26_MyWork/.venv/lib/python3.11/site-packages/sklearn/metrics/_classification.py:1561: UserWarning: Note that pos_label (set to '>50K') is ignored when average != 'binary' (got 'weighted'). You may use labels=[pos_label] to specify a single positive class.
  warnings.warn(

2026-04-15 20:46:58,472:WARNING:/Users/yuandongran/Desktop/OIM3641_SP26_MyWork/.venv/lib/python3.11/site-packages/sklearn/metrics/_classification.py:1561: UserWarning: Note that pos_label (set to '>50K') is ignored when average != 'binary' (got 'weighted'). You may use labels=[pos_label] to specify a single positive class.
  warnings.warn(

2026-04-15 20:46:58,477:WARNING:/Users/yuandongran/Desktop/OIM3641_SP26_MyWork/.venv/lib/python3.11/site-packages/sklearn/metrics/_classification.py:1561: UserWarning: Note that pos_label (set to '>50K') is ignored when average != 'binary' (got 'weighted'). You may use labels=[pos_label] to specify a single positive class.
  warnings.warn(

2026-04-15 20:46:58,483:WARNING:/Users/yuandongran/Desktop/OIM3641_SP26_MyWork/.venv/lib/python3.11/site-packages/sklearn/metrics/_classification.py:1561: UserWarning: Note that pos_label (set to '>50K') is ignored when average != 'binary' (got 'weighted'). You may use labels=[pos_label] to specify a single positive class.
  warnings.warn(

2026-04-15 20:46:58,489:WARNING:/Users/yuandongran/Desktop/OIM3641_SP26_MyWork/.venv/lib/python3.11/site-packages/sklearn/metrics/_classification.py:1561: UserWarning: Note that pos_label (set to '>50K') is ignored when average != 'binary' (got 'weighted'). You may use labels=[pos_label] to specify a single positive class.
  warnings.warn(

2026-04-15 20:46:58,493:WARNING:/Users/yuandongran/Desktop/OIM3641_SP26_MyWork/.venv/lib/python3.11/site-packages/sklearn/metrics/_classification.py:1561: UserWarning: Note that pos_label (set to '>50K') is ignored when average != 'binary' (got 'weighted'). You may use labels=[pos_label] to specify a single positive class.
  warnings.warn(

2026-04-15 20:46:58,526:INFO:Calculating mean and std
2026-04-15 20:46:58,527:INFO:Creating metrics dataframe
2026-04-15 20:46:58,532:INFO:Uploading results into container
2026-04-15 20:46:58,532:INFO:Uploading model into container now
2026-04-15 20:46:58,534:INFO:_master_model_container: 2
2026-04-15 20:46:58,534:INFO:_display_container: 2
2026-04-15 20:46:58,534:INFO:KNeighborsClassifier(algorithm='auto', leaf_size=30, metric='minkowski',
                     metric_params=None, n_jobs=-1, n_neighbors=5, p=2,
                     weights='uniform')
2026-04-15 20:46:58,534:INFO:create_model() successfully completed......................................
2026-04-15 20:46:58,599:INFO:SubProcess create_model() end ==================================
2026-04-15 20:46:58,599:INFO:Creating metrics dataframe
2026-04-15 20:46:58,600:INFO:Initializing Naive Bayes
2026-04-15 20:46:58,600:INFO:Total runtime is 0.07871116399765014 minutes
2026-04-15 20:46:58,600:INFO:SubProcess create_model() called ==================================
2026-04-15 20:46:58,600:INFO:Initializing create_model()
2026-04-15 20:46:58,600:INFO:create_model(self=<pycaret.classification.oop.ClassificationExperiment object at 0x31c7efbd0>, estimator=nb, fold=StratifiedKFold(n_splits=5, random_state=None, shuffle=False), round=4, cross_validation=True, predict=True, fit_kwargs={}, groups=None, refit=False, probability_threshold=None, experiment_custom_tags=None, verbose=False, system=False, add_to_model_list=True, metrics=None, display=<pycaret.internal.display.display.CommonDisplay object at 0x31ce58d10>, model_only=True, return_train_score=False, error_score=0.0, kwargs={})
2026-04-15 20:46:58,600:INFO:Checking exceptions
2026-04-15 20:46:58,600:INFO:Importing libraries
2026-04-15 20:46:58,600:INFO:Copying training dataset
2026-04-15 20:46:58,605:INFO:Defining folds
2026-04-15 20:46:58,605:INFO:Declaring metric variables
2026-04-15 20:46:58,605:INFO:Importing untrained model
2026-04-15 20:46:58,605:INFO:Naive Bayes Imported successfully
2026-04-15 20:46:58,605:INFO:Starting cross validation
2026-04-15 20:46:58,606:INFO:Cross validating with StratifiedKFold(n_splits=5, random_state=None, shuffle=False), n_jobs=-1
2026-04-15 20:46:58,883:WARNING:/Users/yuandongran/Desktop/OIM3641_SP26_MyWork/.venv/lib/python3.11/site-packages/sklearn/metrics/_classification.py:1561: UserWarning: Note that pos_label (set to '>50K') is ignored when average != 'binary' (got 'weighted'). You may use labels=[pos_label] to specify a single positive class.
  warnings.warn(

2026-04-15 20:46:58,883:WARNING:/Users/yuandongran/Desktop/OIM3641_SP26_MyWork/.venv/lib/python3.11/site-packages/sklearn/metrics/_classification.py:1561: UserWarning: Note that pos_label (set to '>50K') is ignored when average != 'binary' (got 'weighted'). You may use labels=[pos_label] to specify a single positive class.
  warnings.warn(

2026-04-15 20:46:58,888:WARNING:/Users/yuandongran/Desktop/OIM3641_SP26_MyWork/.venv/lib/python3.11/site-packages/sklearn/metrics/_classification.py:1561: UserWarning: Note that pos_label (set to '>50K') is ignored when average != 'binary' (got 'weighted'). You may use labels=[pos_label] to specify a single positive class.
  warnings.warn(

2026-04-15 20:46:58,897:WARNING:/Users/yuandongran/Desktop/OIM3641_SP26_MyWork/.venv/lib/python3.11/site-packages/sklearn/metrics/_classification.py:1561: UserWarning: Note that pos_label (set to '>50K') is ignored when average != 'binary' (got 'weighted'). You may use labels=[pos_label] to specify a single positive class.
  warnings.warn(

2026-04-15 20:46:58,898:WARNING:/Users/yuandongran/Desktop/OIM3641_SP26_MyWork/.venv/lib/python3.11/site-packages/sklearn/metrics/_classification.py:1561: UserWarning: Note that pos_label (set to '>50K') is ignored when average != 'binary' (got 'weighted'). You may use labels=[pos_label] to specify a single positive class.
  warnings.warn(

2026-04-15 20:46:58,898:WARNING:/Users/yuandongran/Desktop/OIM3641_SP26_MyWork/.venv/lib/python3.11/site-packages/sklearn/metrics/_classification.py:1561: UserWarning: Note that pos_label (set to '>50K') is ignored when average != 'binary' (got 'weighted'). You may use labels=[pos_label] to specify a single positive class.
  warnings.warn(

2026-04-15 20:46:58,905:WARNING:/Users/yuandongran/Desktop/OIM3641_SP26_MyWork/.venv/lib/python3.11/site-packages/sklearn/metrics/_classification.py:1561: UserWarning: Note that pos_label (set to '>50K') is ignored when average != 'binary' (got 'weighted'). You may use labels=[pos_label] to specify a single positive class.
  warnings.warn(

2026-04-15 20:46:58,913:WARNING:/Users/yuandongran/Desktop/OIM3641_SP26_MyWork/.venv/lib/python3.11/site-packages/sklearn/metrics/_classification.py:1561: UserWarning: Note that pos_label (set to '>50K') is ignored when average != 'binary' (got 'weighted'). You may use labels=[pos_label] to specify a single positive class.
  warnings.warn(

2026-04-15 20:46:58,913:WARNING:/Users/yuandongran/Desktop/OIM3641_SP26_MyWork/.venv/lib/python3.11/site-packages/sklearn/metrics/_classification.py:1561: UserWarning: Note that pos_label (set to '>50K') is ignored when average != 'binary' (got 'weighted'). You may use labels=[pos_label] to specify a single positive class.
  warnings.warn(

2026-04-15 20:46:58,914:WARNING:/Users/yuandongran/Desktop/OIM3641_SP26_MyWork/.venv/lib/python3.11/site-packages/sklearn/metrics/_classification.py:1561: UserWarning: Note that pos_label (set to '>50K') is ignored when average != 'binary' (got 'weighted'). You may use labels=[pos_label] to specify a single positive class.
  warnings.warn(

2026-04-15 20:46:58,921:WARNING:/Users/yuandongran/Desktop/OIM3641_SP26_MyWork/.venv/lib/python3.11/site-packages/sklearn/metrics/_classification.py:1561: UserWarning: Note that pos_label (set to '>50K') is ignored when average != 'binary' (got 'weighted'). You may use labels=[pos_label] to specify a single positive class.
  warnings.warn(

2026-04-15 20:46:58,929:WARNING:/Users/yuandongran/Desktop/OIM3641_SP26_MyWork/.venv/lib/python3.11/site-packages/sklearn/metrics/_classification.py:1561: UserWarning: Note that pos_label (set to '>50K') is ignored when average != 'binary' (got 'weighted'). You may use labels=[pos_label] to specify a single positive class.
  warnings.warn(

2026-04-15 20:46:59,855:WARNING:/Users/yuandongran/Desktop/OIM3641_SP26_MyWork/.venv/lib/python3.11/site-packages/sklearn/metrics/_classification.py:1561: UserWarning: Note that pos_label (set to '>50K') is ignored when average != 'binary' (got 'weighted'). You may use labels=[pos_label] to specify a single positive class.
  warnings.warn(

2026-04-15 20:46:59,869:WARNING:/Users/yuandongran/Desktop/OIM3641_SP26_MyWork/.venv/lib/python3.11/site-packages/sklearn/metrics/_classification.py:1561: UserWarning: Note that pos_label (set to '>50K') is ignored when average != 'binary' (got 'weighted'). You may use labels=[pos_label] to specify a single positive class.
  warnings.warn(

2026-04-15 20:46:59,884:WARNING:/Users/yuandongran/Desktop/OIM3641_SP26_MyWork/.venv/lib/python3.11/site-packages/sklearn/metrics/_classification.py:1561: UserWarning: Note that pos_label (set to '>50K') is ignored when average != 'binary' (got 'weighted'). You may use labels=[pos_label] to specify a single positive class.
  warnings.warn(

2026-04-15 20:46:59,904:INFO:Calculating mean and std
2026-04-15 20:46:59,904:INFO:Creating metrics dataframe
2026-04-15 20:46:59,905:INFO:Uploading results into container
2026-04-15 20:46:59,905:INFO:Uploading model into container now
2026-04-15 20:46:59,905:INFO:_master_model_container: 3
2026-04-15 20:46:59,905:INFO:_display_container: 2
2026-04-15 20:46:59,905:INFO:GaussianNB(priors=None, var_smoothing=1e-09)
2026-04-15 20:46:59,905:INFO:create_model() successfully completed......................................
2026-04-15 20:46:59,944:INFO:SubProcess create_model() end ==================================
2026-04-15 20:46:59,944:INFO:Creating metrics dataframe
2026-04-15 20:46:59,945:INFO:Initializing Decision Tree Classifier
2026-04-15 20:46:59,945:INFO:Total runtime is 0.10113354523976643 minutes
2026-04-15 20:46:59,945:INFO:SubProcess create_model() called ==================================
2026-04-15 20:46:59,945:INFO:Initializing create_model()
2026-04-15 20:46:59,945:INFO:create_model(self=<pycaret.classification.oop.ClassificationExperiment object at 0x31c7efbd0>, estimator=dt, fold=StratifiedKFold(n_splits=5, random_state=None, shuffle=False), round=4, cross_validation=True, predict=True, fit_kwargs={}, groups=None, refit=False, probability_threshold=None, experiment_custom_tags=None, verbose=False, system=False, add_to_model_list=True, metrics=None, display=<pycaret.internal.display.display.CommonDisplay object at 0x31ce58d10>, model_only=True, return_train_score=False, error_score=0.0, kwargs={})
2026-04-15 20:46:59,945:INFO:Checking exceptions
2026-04-15 20:46:59,945:INFO:Importing libraries
2026-04-15 20:46:59,945:INFO:Copying training dataset
2026-04-15 20:46:59,949:INFO:Defining folds
2026-04-15 20:46:59,950:INFO:Declaring metric variables
2026-04-15 20:46:59,950:INFO:Importing untrained model
2026-04-15 20:46:59,950:INFO:Decision Tree Classifier Imported successfully
2026-04-15 20:46:59,950:INFO:Starting cross validation
2026-04-15 20:46:59,951:INFO:Cross validating with StratifiedKFold(n_splits=5, random_state=None, shuffle=False), n_jobs=-1
2026-04-15 20:47:00,279:WARNING:/Users/yuandongran/Desktop/OIM3641_SP26_MyWork/.venv/lib/python3.11/site-packages/sklearn/metrics/_classification.py:1561: UserWarning: Note that pos_label (set to '>50K') is ignored when average != 'binary' (got 'weighted'). You may use labels=[pos_label] to specify a single positive class.
  warnings.warn(

2026-04-15 20:47:00,281:WARNING:/Users/yuandongran/Desktop/OIM3641_SP26_MyWork/.venv/lib/python3.11/site-packages/sklearn/metrics/_classification.py:1561: UserWarning: Note that pos_label (set to '>50K') is ignored when average != 'binary' (got 'weighted'). You may use labels=[pos_label] to specify a single positive class.
  warnings.warn(

2026-04-15 20:47:00,294:WARNING:/Users/yuandongran/Desktop/OIM3641_SP26_MyWork/.venv/lib/python3.11/site-packages/sklearn/metrics/_classification.py:1561: UserWarning: Note that pos_label (set to '>50K') is ignored when average != 'binary' (got 'weighted'). You may use labels=[pos_label] to specify a single positive class.
  warnings.warn(

2026-04-15 20:47:00,297:WARNING:/Users/yuandongran/Desktop/OIM3641_SP26_MyWork/.venv/lib/python3.11/site-packages/sklearn/metrics/_classification.py:1561: UserWarning: Note that pos_label (set to '>50K') is ignored when average != 'binary' (got 'weighted'). You may use labels=[pos_label] to specify a single positive class.
  warnings.warn(

2026-04-15 20:47:00,298:WARNING:/Users/yuandongran/Desktop/OIM3641_SP26_MyWork/.venv/lib/python3.11/site-packages/sklearn/metrics/_classification.py:1561: UserWarning: Note that pos_label (set to '>50K') is ignored when average != 'binary' (got 'weighted'). You may use labels=[pos_label] to specify a single positive class.
  warnings.warn(

2026-04-15 20:47:00,309:WARNING:/Users/yuandongran/Desktop/OIM3641_SP26_MyWork/.venv/lib/python3.11/site-packages/sklearn/metrics/_classification.py:1561: UserWarning: Note that pos_label (set to '>50K') is ignored when average != 'binary' (got 'weighted'). You may use labels=[pos_label] to specify a single positive class.
  warnings.warn(

2026-04-15 20:47:00,313:WARNING:/Users/yuandongran/Desktop/OIM3641_SP26_MyWork/.venv/lib/python3.11/site-packages/sklearn/metrics/_classification.py:1561: UserWarning: Note that pos_label (set to '>50K') is ignored when average != 'binary' (got 'weighted'). You may use labels=[pos_label] to specify a single positive class.
  warnings.warn(

2026-04-15 20:47:00,314:WARNING:/Users/yuandongran/Desktop/OIM3641_SP26_MyWork/.venv/lib/python3.11/site-packages/sklearn/metrics/_classification.py:1561: UserWarning: Note that pos_label (set to '>50K') is ignored when average != 'binary' (got 'weighted'). You may use labels=[pos_label] to specify a single positive class.
  warnings.warn(

2026-04-15 20:47:00,316:WARNING:/Users/yuandongran/Desktop/OIM3641_SP26_MyWork/.venv/lib/python3.11/site-packages/sklearn/metrics/_classification.py:1561: UserWarning: Note that pos_label (set to '>50K') is ignored when average != 'binary' (got 'weighted'). You may use labels=[pos_label] to specify a single positive class.
  warnings.warn(

2026-04-15 20:47:00,329:WARNING:/Users/yuandongran/Desktop/OIM3641_SP26_MyWork/.venv/lib/python3.11/site-packages/sklearn/metrics/_classification.py:1561: UserWarning: Note that pos_label (set to '>50K') is ignored when average != 'binary' (got 'weighted'). You may use labels=[pos_label] to specify a single positive class.
  warnings.warn(

2026-04-15 20:47:00,331:WARNING:/Users/yuandongran/Desktop/OIM3641_SP26_MyWork/.venv/lib/python3.11/site-packages/sklearn/metrics/_classification.py:1561: UserWarning: Note that pos_label (set to '>50K') is ignored when average != 'binary' (got 'weighted'). You may use labels=[pos_label] to specify a single positive class.
  warnings.warn(

2026-04-15 20:47:00,346:WARNING:/Users/yuandongran/Desktop/OIM3641_SP26_MyWork/.venv/lib/python3.11/site-packages/sklearn/metrics/_classification.py:1561: UserWarning: Note that pos_label (set to '>50K') is ignored when average != 'binary' (got 'weighted'). You may use labels=[pos_label] to specify a single positive class.
  warnings.warn(

2026-04-15 20:47:01,286:WARNING:/Users/yuandongran/Desktop/OIM3641_SP26_MyWork/.venv/lib/python3.11/site-packages/sklearn/metrics/_classification.py:1561: UserWarning: Note that pos_label (set to '>50K') is ignored when average != 'binary' (got 'weighted'). You may use labels=[pos_label] to specify a single positive class.
  warnings.warn(

2026-04-15 20:47:01,301:WARNING:/Users/yuandongran/Desktop/OIM3641_SP26_MyWork/.venv/lib/python3.11/site-packages/sklearn/metrics/_classification.py:1561: UserWarning: Note that pos_label (set to '>50K') is ignored when average != 'binary' (got 'weighted'). You may use labels=[pos_label] to specify a single positive class.
  warnings.warn(

2026-04-15 20:47:01,316:WARNING:/Users/yuandongran/Desktop/OIM3641_SP26_MyWork/.venv/lib/python3.11/site-packages/sklearn/metrics/_classification.py:1561: UserWarning: Note that pos_label (set to '>50K') is ignored when average != 'binary' (got 'weighted'). You may use labels=[pos_label] to specify a single positive class.
  warnings.warn(

2026-04-15 20:47:01,344:INFO:Calculating mean and std
2026-04-15 20:47:01,344:INFO:Creating metrics dataframe
2026-04-15 20:47:01,350:INFO:Uploading results into container
2026-04-15 20:47:01,351:INFO:Uploading model into container now
2026-04-15 20:47:01,352:INFO:_master_model_container: 4
2026-04-15 20:47:01,352:INFO:_display_container: 2
2026-04-15 20:47:01,353:INFO:DecisionTreeClassifier(ccp_alpha=0.0, class_weight=None, criterion='gini',
                       max_depth=None, max_features=None, max_leaf_nodes=None,
                       min_impurity_decrease=0.0, min_samples_leaf=1,
                       min_samples_split=2, min_weight_fraction_leaf=0.0,
                       monotonic_cst=None, random_state=42, splitter='best')
2026-04-15 20:47:01,353:INFO:create_model() successfully completed......................................
2026-04-15 20:47:01,401:INFO:SubProcess create_model() end ==================================
2026-04-15 20:47:01,401:INFO:Creating metrics dataframe
2026-04-15 20:47:01,402:INFO:Initializing SVM - Linear Kernel
2026-04-15 20:47:01,402:INFO:Total runtime is 0.125413982073466 minutes
2026-04-15 20:47:01,402:INFO:SubProcess create_model() called ==================================
2026-04-15 20:47:01,402:INFO:Initializing create_model()
2026-04-15 20:47:01,402:INFO:create_model(self=<pycaret.classification.oop.ClassificationExperiment object at 0x31c7efbd0>, estimator=svm, fold=StratifiedKFold(n_splits=5, random_state=None, shuffle=False), round=4, cross_validation=True, predict=True, fit_kwargs={}, groups=None, refit=False, probability_threshold=None, experiment_custom_tags=None, verbose=False, system=False, add_to_model_list=True, metrics=None, display=<pycaret.internal.display.display.CommonDisplay object at 0x31ce58d10>, model_only=True, return_train_score=False, error_score=0.0, kwargs={})
2026-04-15 20:47:01,402:INFO:Checking exceptions
2026-04-15 20:47:01,402:INFO:Importing libraries
2026-04-15 20:47:01,402:INFO:Copying training dataset
2026-04-15 20:47:01,407:INFO:Defining folds
2026-04-15 20:47:01,407:INFO:Declaring metric variables
2026-04-15 20:47:01,407:INFO:Importing untrained model
2026-04-15 20:47:01,407:INFO:SVM - Linear Kernel Imported successfully
2026-04-15 20:47:01,407:INFO:Starting cross validation
2026-04-15 20:47:01,408:INFO:Cross validating with StratifiedKFold(n_splits=5, random_state=None, shuffle=False), n_jobs=-1
2026-04-15 20:47:01,897:WARNING:/Users/yuandongran/Desktop/OIM3641_SP26_MyWork/.venv/lib/python3.11/site-packages/sklearn/metrics/_classification.py:1561: UserWarning: Note that pos_label (set to '>50K') is ignored when average != 'binary' (got 'weighted'). You may use labels=[pos_label] to specify a single positive class.
  warnings.warn(

2026-04-15 20:47:01,901:WARNING:/Users/yuandongran/Desktop/OIM3641_SP26_MyWork/.venv/lib/python3.11/site-packages/sklearn/metrics/_classification.py:1561: UserWarning: Note that pos_label (set to '>50K') is ignored when average != 'binary' (got 'weighted'). You may use labels=[pos_label] to specify a single positive class.
  warnings.warn(

2026-04-15 20:47:01,903:WARNING:/Users/yuandongran/Desktop/OIM3641_SP26_MyWork/.venv/lib/python3.11/site-packages/sklearn/metrics/_classification.py:1561: UserWarning: Note that pos_label (set to '>50K') is ignored when average != 'binary' (got 'weighted'). You may use labels=[pos_label] to specify a single positive class.
  warnings.warn(

2026-04-15 20:47:01,913:WARNING:/Users/yuandongran/Desktop/OIM3641_SP26_MyWork/.venv/lib/python3.11/site-packages/sklearn/metrics/_classification.py:1561: UserWarning: Note that pos_label (set to '>50K') is ignored when average != 'binary' (got 'weighted'). You may use labels=[pos_label] to specify a single positive class.
  warnings.warn(

2026-04-15 20:47:01,916:WARNING:/Users/yuandongran/Desktop/OIM3641_SP26_MyWork/.venv/lib/python3.11/site-packages/sklearn/metrics/_classification.py:1561: UserWarning: Note that pos_label (set to '>50K') is ignored when average != 'binary' (got 'weighted'). You may use labels=[pos_label] to specify a single positive class.
  warnings.warn(

2026-04-15 20:47:01,918:WARNING:/Users/yuandongran/Desktop/OIM3641_SP26_MyWork/.venv/lib/python3.11/site-packages/sklearn/metrics/_classification.py:1561: UserWarning: Note that pos_label (set to '>50K') is ignored when average != 'binary' (got 'weighted'). You may use labels=[pos_label] to specify a single positive class.
  warnings.warn(

2026-04-15 20:47:01,928:WARNING:/Users/yuandongran/Desktop/OIM3641_SP26_MyWork/.venv/lib/python3.11/site-packages/sklearn/metrics/_classification.py:1561: UserWarning: Note that pos_label (set to '>50K') is ignored when average != 'binary' (got 'weighted'). You may use labels=[pos_label] to specify a single positive class.
  warnings.warn(

2026-04-15 20:47:01,929:WARNING:/Users/yuandongran/Desktop/OIM3641_SP26_MyWork/.venv/lib/python3.11/site-packages/sklearn/metrics/_classification.py:1561: UserWarning: Note that pos_label (set to '>50K') is ignored when average != 'binary' (got 'weighted'). You may use labels=[pos_label] to specify a single positive class.
  warnings.warn(

2026-04-15 20:47:01,932:WARNING:/Users/yuandongran/Desktop/OIM3641_SP26_MyWork/.venv/lib/python3.11/site-packages/sklearn/metrics/_classification.py:1561: UserWarning: Note that pos_label (set to '>50K') is ignored when average != 'binary' (got 'weighted'). You may use labels=[pos_label] to specify a single positive class.
  warnings.warn(

2026-04-15 20:47:01,934:WARNING:/Users/yuandongran/Desktop/OIM3641_SP26_MyWork/.venv/lib/python3.11/site-packages/sklearn/metrics/_classification.py:1561: UserWarning: Note that pos_label (set to '>50K') is ignored when average != 'binary' (got 'weighted'). You may use labels=[pos_label] to specify a single positive class.
  warnings.warn(

2026-04-15 20:47:01,947:WARNING:/Users/yuandongran/Desktop/OIM3641_SP26_MyWork/.venv/lib/python3.11/site-packages/sklearn/metrics/_classification.py:1561: UserWarning: Note that pos_label (set to '>50K') is ignored when average != 'binary' (got 'weighted'). You may use labels=[pos_label] to specify a single positive class.
  warnings.warn(

2026-04-15 20:47:01,949:WARNING:/Users/yuandongran/Desktop/OIM3641_SP26_MyWork/.venv/lib/python3.11/site-packages/sklearn/metrics/_classification.py:1561: UserWarning: Note that pos_label (set to '>50K') is ignored when average != 'binary' (got 'weighted'). You may use labels=[pos_label] to specify a single positive class.
  warnings.warn(

2026-04-15 20:47:01,962:WARNING:/Users/yuandongran/Desktop/OIM3641_SP26_MyWork/.venv/lib/python3.11/site-packages/sklearn/metrics/_classification.py:1561: UserWarning: Note that pos_label (set to '>50K') is ignored when average != 'binary' (got 'weighted'). You may use labels=[pos_label] to specify a single positive class.
  warnings.warn(

2026-04-15 20:47:01,964:WARNING:/Users/yuandongran/Desktop/OIM3641_SP26_MyWork/.venv/lib/python3.11/site-packages/sklearn/metrics/_classification.py:1561: UserWarning: Note that pos_label (set to '>50K') is ignored when average != 'binary' (got 'weighted'). You may use labels=[pos_label] to specify a single positive class.
  warnings.warn(

2026-04-15 20:47:01,979:WARNING:/Users/yuandongran/Desktop/OIM3641_SP26_MyWork/.venv/lib/python3.11/site-packages/sklearn/metrics/_classification.py:1561: UserWarning: Note that pos_label (set to '>50K') is ignored when average != 'binary' (got 'weighted'). You may use labels=[pos_label] to specify a single positive class.
  warnings.warn(

2026-04-15 20:47:02,007:INFO:Calculating mean and std
2026-04-15 20:47:02,008:INFO:Creating metrics dataframe
2026-04-15 20:47:02,008:INFO:Uploading results into container
2026-04-15 20:47:02,008:INFO:Uploading model into container now
2026-04-15 20:47:02,009:INFO:_master_model_container: 5
2026-04-15 20:47:02,009:INFO:_display_container: 2
2026-04-15 20:47:02,009:INFO:SGDClassifier(alpha=0.0001, average=False, class_weight=None,
              early_stopping=False, epsilon=0.1, eta0=0.001, fit_intercept=True,
              l1_ratio=0.15, learning_rate='optimal', loss='hinge',
              max_iter=1000, n_iter_no_change=5, n_jobs=-1, penalty='l2',
              power_t=0.5, random_state=42, shuffle=True, tol=0.001,
              validation_fraction=0.1, verbose=0, warm_start=False)
2026-04-15 20:47:02,009:INFO:create_model() successfully completed......................................
2026-04-15 20:47:02,046:INFO:SubProcess create_model() end ==================================
2026-04-15 20:47:02,046:INFO:Creating metrics dataframe
2026-04-15 20:47:02,047:INFO:Initializing Ridge Classifier
2026-04-15 20:47:02,047:INFO:Total runtime is 0.13615628480911254 minutes
2026-04-15 20:47:02,047:INFO:SubProcess create_model() called ==================================
2026-04-15 20:47:02,047:INFO:Initializing create_model()
2026-04-15 20:47:02,047:INFO:create_model(self=<pycaret.classification.oop.ClassificationExperiment object at 0x31c7efbd0>, estimator=ridge, fold=StratifiedKFold(n_splits=5, random_state=None, shuffle=False), round=4, cross_validation=True, predict=True, fit_kwargs={}, groups=None, refit=False, probability_threshold=None, experiment_custom_tags=None, verbose=False, system=False, add_to_model_list=True, metrics=None, display=<pycaret.internal.display.display.CommonDisplay object at 0x31ce58d10>, model_only=True, return_train_score=False, error_score=0.0, kwargs={})
2026-04-15 20:47:02,047:INFO:Checking exceptions
2026-04-15 20:47:02,047:INFO:Importing libraries
2026-04-15 20:47:02,047:INFO:Copying training dataset
2026-04-15 20:47:02,051:INFO:Defining folds
2026-04-15 20:47:02,051:INFO:Declaring metric variables
2026-04-15 20:47:02,051:INFO:Importing untrained model
2026-04-15 20:47:02,051:INFO:Ridge Classifier Imported successfully
2026-04-15 20:47:02,051:INFO:Starting cross validation
2026-04-15 20:47:02,052:INFO:Cross validating with StratifiedKFold(n_splits=5, random_state=None, shuffle=False), n_jobs=-1
2026-04-15 20:47:02,318:WARNING:/Users/yuandongran/Desktop/OIM3641_SP26_MyWork/.venv/lib/python3.11/site-packages/sklearn/metrics/_classification.py:1561: UserWarning: Note that pos_label (set to '>50K') is ignored when average != 'binary' (got 'weighted'). You may use labels=[pos_label] to specify a single positive class.
  warnings.warn(

2026-04-15 20:47:02,318:WARNING:/Users/yuandongran/Desktop/OIM3641_SP26_MyWork/.venv/lib/python3.11/site-packages/sklearn/metrics/_classification.py:1561: UserWarning: Note that pos_label (set to '>50K') is ignored when average != 'binary' (got 'weighted'). You may use labels=[pos_label] to specify a single positive class.
  warnings.warn(

2026-04-15 20:47:02,325:WARNING:/Users/yuandongran/Desktop/OIM3641_SP26_MyWork/.venv/lib/python3.11/site-packages/sklearn/metrics/_classification.py:1561: UserWarning: Note that pos_label (set to '>50K') is ignored when average != 'binary' (got 'weighted'). You may use labels=[pos_label] to specify a single positive class.
  warnings.warn(

2026-04-15 20:47:02,334:WARNING:/Users/yuandongran/Desktop/OIM3641_SP26_MyWork/.venv/lib/python3.11/site-packages/sklearn/metrics/_classification.py:1561: UserWarning: Note that pos_label (set to '>50K') is ignored when average != 'binary' (got 'weighted'). You may use labels=[pos_label] to specify a single positive class.
  warnings.warn(

2026-04-15 20:47:02,334:WARNING:/Users/yuandongran/Desktop/OIM3641_SP26_MyWork/.venv/lib/python3.11/site-packages/sklearn/metrics/_classification.py:1561: UserWarning: Note that pos_label (set to '>50K') is ignored when average != 'binary' (got 'weighted'). You may use labels=[pos_label] to specify a single positive class.
  warnings.warn(

2026-04-15 20:47:02,341:WARNING:/Users/yuandongran/Desktop/OIM3641_SP26_MyWork/.venv/lib/python3.11/site-packages/sklearn/metrics/_classification.py:1561: UserWarning: Note that pos_label (set to '>50K') is ignored when average != 'binary' (got 'weighted'). You may use labels=[pos_label] to specify a single positive class.
  warnings.warn(

2026-04-15 20:47:02,349:WARNING:/Users/yuandongran/Desktop/OIM3641_SP26_MyWork/.venv/lib/python3.11/site-packages/sklearn/metrics/_classification.py:1561: UserWarning: Note that pos_label (set to '>50K') is ignored when average != 'binary' (got 'weighted'). You may use labels=[pos_label] to specify a single positive class.
  warnings.warn(

2026-04-15 20:47:02,349:WARNING:/Users/yuandongran/Desktop/OIM3641_SP26_MyWork/.venv/lib/python3.11/site-packages/sklearn/metrics/_classification.py:1561: UserWarning: Note that pos_label (set to '>50K') is ignored when average != 'binary' (got 'weighted'). You may use labels=[pos_label] to specify a single positive class.
  warnings.warn(

2026-04-15 20:47:02,350:WARNING:/Users/yuandongran/Desktop/OIM3641_SP26_MyWork/.venv/lib/python3.11/site-packages/sklearn/metrics/_classification.py:1561: UserWarning: Note that pos_label (set to '>50K') is ignored when average != 'binary' (got 'weighted'). You may use labels=[pos_label] to specify a single positive class.
  warnings.warn(

2026-04-15 20:47:02,356:WARNING:/Users/yuandongran/Desktop/OIM3641_SP26_MyWork/.venv/lib/python3.11/site-packages/sklearn/metrics/_classification.py:1561: UserWarning: Note that pos_label (set to '>50K') is ignored when average != 'binary' (got 'weighted'). You may use labels=[pos_label] to specify a single positive class.
  warnings.warn(

2026-04-15 20:47:02,366:WARNING:/Users/yuandongran/Desktop/OIM3641_SP26_MyWork/.venv/lib/python3.11/site-packages/sklearn/metrics/_classification.py:1561: UserWarning: Note that pos_label (set to '>50K') is ignored when average != 'binary' (got 'weighted'). You may use labels=[pos_label] to specify a single positive class.
  warnings.warn(

2026-04-15 20:47:02,383:WARNING:/Users/yuandongran/Desktop/OIM3641_SP26_MyWork/.venv/lib/python3.11/site-packages/sklearn/metrics/_classification.py:1561: UserWarning: Note that pos_label (set to '>50K') is ignored when average != 'binary' (got 'weighted'). You may use labels=[pos_label] to specify a single positive class.
  warnings.warn(

2026-04-15 20:47:03,265:WARNING:/Users/yuandongran/Desktop/OIM3641_SP26_MyWork/.venv/lib/python3.11/site-packages/sklearn/metrics/_classification.py:1561: UserWarning: Note that pos_label (set to '>50K') is ignored when average != 'binary' (got 'weighted'). You may use labels=[pos_label] to specify a single positive class.
  warnings.warn(

2026-04-15 20:47:03,279:WARNING:/Users/yuandongran/Desktop/OIM3641_SP26_MyWork/.venv/lib/python3.11/site-packages/sklearn/metrics/_classification.py:1561: UserWarning: Note that pos_label (set to '>50K') is ignored when average != 'binary' (got 'weighted'). You may use labels=[pos_label] to specify a single positive class.
  warnings.warn(

2026-04-15 20:47:03,299:WARNING:/Users/yuandongran/Desktop/OIM3641_SP26_MyWork/.venv/lib/python3.11/site-packages/sklearn/metrics/_classification.py:1561: UserWarning: Note that pos_label (set to '>50K') is ignored when average != 'binary' (got 'weighted'). You may use labels=[pos_label] to specify a single positive class.
  warnings.warn(

2026-04-15 20:47:03,337:INFO:Calculating mean and std
2026-04-15 20:47:03,338:INFO:Creating metrics dataframe
2026-04-15 20:47:03,339:INFO:Uploading results into container
2026-04-15 20:47:03,340:INFO:Uploading model into container now
2026-04-15 20:47:03,340:INFO:_master_model_container: 6
2026-04-15 20:47:03,340:INFO:_display_container: 2
2026-04-15 20:47:03,341:INFO:RidgeClassifier(alpha=1.0, class_weight=None, copy_X=True, fit_intercept=True,
                max_iter=None, positive=False, random_state=42, solver='auto',
                tol=0.0001)
2026-04-15 20:47:03,341:INFO:create_model() successfully completed......................................
2026-04-15 20:47:03,447:INFO:SubProcess create_model() end ==================================
2026-04-15 20:47:03,448:INFO:Creating metrics dataframe
2026-04-15 20:47:03,449:INFO:Initializing Random Forest Classifier
2026-04-15 20:47:03,449:INFO:Total runtime is 0.15952986478805542 minutes
2026-04-15 20:47:03,449:INFO:SubProcess create_model() called ==================================
2026-04-15 20:47:03,449:INFO:Initializing create_model()
2026-04-15 20:47:03,449:INFO:create_model(self=<pycaret.classification.oop.ClassificationExperiment object at 0x31c7efbd0>, estimator=rf, fold=StratifiedKFold(n_splits=5, random_state=None, shuffle=False), round=4, cross_validation=True, predict=True, fit_kwargs={}, groups=None, refit=False, probability_threshold=None, experiment_custom_tags=None, verbose=False, system=False, add_to_model_list=True, metrics=None, display=<pycaret.internal.display.display.CommonDisplay object at 0x31ce58d10>, model_only=True, return_train_score=False, error_score=0.0, kwargs={})
2026-04-15 20:47:03,449:INFO:Checking exceptions
2026-04-15 20:47:03,449:INFO:Importing libraries
2026-04-15 20:47:03,449:INFO:Copying training dataset
2026-04-15 20:47:03,456:INFO:Defining folds
2026-04-15 20:47:03,456:INFO:Declaring metric variables
2026-04-15 20:47:03,456:INFO:Importing untrained model
2026-04-15 20:47:03,456:INFO:Random Forest Classifier Imported successfully
2026-04-15 20:47:03,456:INFO:Starting cross validation
2026-04-15 20:47:03,458:INFO:Cross validating with StratifiedKFold(n_splits=5, random_state=None, shuffle=False), n_jobs=-1
2026-04-15 20:47:04,553:WARNING:/Users/yuandongran/Desktop/OIM3641_SP26_MyWork/.venv/lib/python3.11/site-packages/sklearn/metrics/_classification.py:1561: UserWarning: Note that pos_label (set to '>50K') is ignored when average != 'binary' (got 'weighted'). You may use labels=[pos_label] to specify a single positive class.
  warnings.warn(

2026-04-15 20:47:04,585:WARNING:/Users/yuandongran/Desktop/OIM3641_SP26_MyWork/.venv/lib/python3.11/site-packages/sklearn/metrics/_classification.py:1561: UserWarning: Note that pos_label (set to '>50K') is ignored when average != 'binary' (got 'weighted'). You may use labels=[pos_label] to specify a single positive class.
  warnings.warn(

2026-04-15 20:47:04,601:WARNING:/Users/yuandongran/Desktop/OIM3641_SP26_MyWork/.venv/lib/python3.11/site-packages/sklearn/metrics/_classification.py:1561: UserWarning: Note that pos_label (set to '>50K') is ignored when average != 'binary' (got 'weighted'). You may use labels=[pos_label] to specify a single positive class.
  warnings.warn(

2026-04-15 20:47:04,619:WARNING:/Users/yuandongran/Desktop/OIM3641_SP26_MyWork/.venv/lib/python3.11/site-packages/sklearn/metrics/_classification.py:1561: UserWarning: Note that pos_label (set to '>50K') is ignored when average != 'binary' (got 'weighted'). You may use labels=[pos_label] to specify a single positive class.
  warnings.warn(

2026-04-15 20:47:04,635:WARNING:/Users/yuandongran/Desktop/OIM3641_SP26_MyWork/.venv/lib/python3.11/site-packages/sklearn/metrics/_classification.py:1561: UserWarning: Note that pos_label (set to '>50K') is ignored when average != 'binary' (got 'weighted'). You may use labels=[pos_label] to specify a single positive class.
  warnings.warn(

2026-04-15 20:47:04,651:WARNING:/Users/yuandongran/Desktop/OIM3641_SP26_MyWork/.venv/lib/python3.11/site-packages/sklearn/metrics/_classification.py:1561: UserWarning: Note that pos_label (set to '>50K') is ignored when average != 'binary' (got 'weighted'). You may use labels=[pos_label] to specify a single positive class.
  warnings.warn(

2026-04-15 20:47:04,693:WARNING:/Users/yuandongran/Desktop/OIM3641_SP26_MyWork/.venv/lib/python3.11/site-packages/sklearn/metrics/_classification.py:1561: UserWarning: Note that pos_label (set to '>50K') is ignored when average != 'binary' (got 'weighted'). You may use labels=[pos_label] to specify a single positive class.
  warnings.warn(

2026-04-15 20:47:04,700:WARNING:/Users/yuandongran/Desktop/OIM3641_SP26_MyWork/.venv/lib/python3.11/site-packages/sklearn/metrics/_classification.py:1561: UserWarning: Note that pos_label (set to '>50K') is ignored when average != 'binary' (got 'weighted'). You may use labels=[pos_label] to specify a single positive class.
  warnings.warn(

2026-04-15 20:47:04,706:WARNING:/Users/yuandongran/Desktop/OIM3641_SP26_MyWork/.venv/lib/python3.11/site-packages/sklearn/metrics/_classification.py:1561: UserWarning: Note that pos_label (set to '>50K') is ignored when average != 'binary' (got 'weighted'). You may use labels=[pos_label] to specify a single positive class.
  warnings.warn(

2026-04-15 20:47:04,708:WARNING:/Users/yuandongran/Desktop/OIM3641_SP26_MyWork/.venv/lib/python3.11/site-packages/sklearn/metrics/_classification.py:1561: UserWarning: Note that pos_label (set to '>50K') is ignored when average != 'binary' (got 'weighted'). You may use labels=[pos_label] to specify a single positive class.
  warnings.warn(

2026-04-15 20:47:04,716:WARNING:/Users/yuandongran/Desktop/OIM3641_SP26_MyWork/.venv/lib/python3.11/site-packages/sklearn/metrics/_classification.py:1561: UserWarning: Note that pos_label (set to '>50K') is ignored when average != 'binary' (got 'weighted'). You may use labels=[pos_label] to specify a single positive class.
  warnings.warn(

2026-04-15 20:47:04,722:WARNING:/Users/yuandongran/Desktop/OIM3641_SP26_MyWork/.venv/lib/python3.11/site-packages/sklearn/metrics/_classification.py:1561: UserWarning: Note that pos_label (set to '>50K') is ignored when average != 'binary' (got 'weighted'). You may use labels=[pos_label] to specify a single positive class.
  warnings.warn(

2026-04-15 20:47:04,723:WARNING:/Users/yuandongran/Desktop/OIM3641_SP26_MyWork/.venv/lib/python3.11/site-packages/sklearn/metrics/_classification.py:1561: UserWarning: Note that pos_label (set to '>50K') is ignored when average != 'binary' (got 'weighted'). You may use labels=[pos_label] to specify a single positive class.
  warnings.warn(

2026-04-15 20:47:04,731:WARNING:/Users/yuandongran/Desktop/OIM3641_SP26_MyWork/.venv/lib/python3.11/site-packages/sklearn/metrics/_classification.py:1561: UserWarning: Note that pos_label (set to '>50K') is ignored when average != 'binary' (got 'weighted'). You may use labels=[pos_label] to specify a single positive class.
  warnings.warn(

2026-04-15 20:47:04,737:WARNING:/Users/yuandongran/Desktop/OIM3641_SP26_MyWork/.venv/lib/python3.11/site-packages/sklearn/metrics/_classification.py:1561: UserWarning: Note that pos_label (set to '>50K') is ignored when average != 'binary' (got 'weighted'). You may use labels=[pos_label] to specify a single positive class.
  warnings.warn(

2026-04-15 20:47:04,770:INFO:Calculating mean and std
2026-04-15 20:47:04,771:INFO:Creating metrics dataframe
2026-04-15 20:47:04,774:INFO:Uploading results into container
2026-04-15 20:47:04,775:INFO:Uploading model into container now
2026-04-15 20:47:04,776:INFO:_master_model_container: 7
2026-04-15 20:47:04,776:INFO:_display_container: 2
2026-04-15 20:47:04,776:INFO:RandomForestClassifier(bootstrap=True, ccp_alpha=0.0, class_weight=None,
                       criterion='gini', max_depth=None, max_features='sqrt',
                       max_leaf_nodes=None, max_samples=None,
                       min_impurity_decrease=0.0, min_samples_leaf=1,
                       min_samples_split=2, min_weight_fraction_leaf=0.0,
                       monotonic_cst=None, n_estimators=100, n_jobs=-1,
                       oob_score=False, random_state=42, verbose=0,
                       warm_start=False)
2026-04-15 20:47:04,776:INFO:create_model() successfully completed......................................
2026-04-15 20:47:04,829:INFO:SubProcess create_model() end ==================================
2026-04-15 20:47:04,829:INFO:Creating metrics dataframe
2026-04-15 20:47:04,830:INFO:Initializing Quadratic Discriminant Analysis
2026-04-15 20:47:04,830:INFO:Total runtime is 0.1825432300567627 minutes
2026-04-15 20:47:04,830:INFO:SubProcess create_model() called ==================================
2026-04-15 20:47:04,830:INFO:Initializing create_model()
2026-04-15 20:47:04,830:INFO:create_model(self=<pycaret.classification.oop.ClassificationExperiment object at 0x31c7efbd0>, estimator=qda, fold=StratifiedKFold(n_splits=5, random_state=None, shuffle=False), round=4, cross_validation=True, predict=True, fit_kwargs={}, groups=None, refit=False, probability_threshold=None, experiment_custom_tags=None, verbose=False, system=False, add_to_model_list=True, metrics=None, display=<pycaret.internal.display.display.CommonDisplay object at 0x31ce58d10>, model_only=True, return_train_score=False, error_score=0.0, kwargs={})
2026-04-15 20:47:04,830:INFO:Checking exceptions
2026-04-15 20:47:04,830:INFO:Importing libraries
2026-04-15 20:47:04,830:INFO:Copying training dataset
2026-04-15 20:47:04,834:INFO:Defining folds
2026-04-15 20:47:04,834:INFO:Declaring metric variables
2026-04-15 20:47:04,834:INFO:Importing untrained model
2026-04-15 20:47:04,834:INFO:Quadratic Discriminant Analysis Imported successfully
2026-04-15 20:47:04,835:INFO:Starting cross validation
2026-04-15 20:47:04,835:INFO:Cross validating with StratifiedKFold(n_splits=5, random_state=None, shuffle=False), n_jobs=-1
2026-04-15 20:47:05,108:WARNING:/Users/yuandongran/Desktop/OIM3641_SP26_MyWork/.venv/lib/python3.11/site-packages/sklearn/discriminant_analysis.py:935: UserWarning: Variables are collinear
  warnings.warn("Variables are collinear")

2026-04-15 20:47:05,108:WARNING:/Users/yuandongran/Desktop/OIM3641_SP26_MyWork/.venv/lib/python3.11/site-packages/sklearn/discriminant_analysis.py:935: UserWarning: Variables are collinear
  warnings.warn("Variables are collinear")

2026-04-15 20:47:05,116:WARNING:/Users/yuandongran/Desktop/OIM3641_SP26_MyWork/.venv/lib/python3.11/site-packages/sklearn/discriminant_analysis.py:935: UserWarning: Variables are collinear
  warnings.warn("Variables are collinear")

2026-04-15 20:47:05,133:WARNING:/Users/yuandongran/Desktop/OIM3641_SP26_MyWork/.venv/lib/python3.11/site-packages/sklearn/discriminant_analysis.py:935: UserWarning: Variables are collinear
  warnings.warn("Variables are collinear")

2026-04-15 20:47:05,151:WARNING:/Users/yuandongran/Desktop/OIM3641_SP26_MyWork/.venv/lib/python3.11/site-packages/sklearn/discriminant_analysis.py:935: UserWarning: Variables are collinear
  warnings.warn("Variables are collinear")

2026-04-15 20:47:05,180:WARNING:/Users/yuandongran/Desktop/OIM3641_SP26_MyWork/.venv/lib/python3.11/site-packages/sklearn/metrics/_classification.py:1561: UserWarning: Note that pos_label (set to '>50K') is ignored when average != 'binary' (got 'weighted'). You may use labels=[pos_label] to specify a single positive class.
  warnings.warn(

2026-04-15 20:47:05,182:WARNING:/Users/yuandongran/Desktop/OIM3641_SP26_MyWork/.venv/lib/python3.11/site-packages/sklearn/metrics/_classification.py:1561: UserWarning: Note that pos_label (set to '>50K') is ignored when average != 'binary' (got 'weighted'). You may use labels=[pos_label] to specify a single positive class.
  warnings.warn(

2026-04-15 20:47:05,190:WARNING:/Users/yuandongran/Desktop/OIM3641_SP26_MyWork/.venv/lib/python3.11/site-packages/sklearn/metrics/_classification.py:1561: UserWarning: Note that pos_label (set to '>50K') is ignored when average != 'binary' (got 'weighted'). You may use labels=[pos_label] to specify a single positive class.
  warnings.warn(

2026-04-15 20:47:05,195:WARNING:/Users/yuandongran/Desktop/OIM3641_SP26_MyWork/.venv/lib/python3.11/site-packages/sklearn/metrics/_classification.py:1561: UserWarning: Note that pos_label (set to '>50K') is ignored when average != 'binary' (got 'weighted'). You may use labels=[pos_label] to specify a single positive class.
  warnings.warn(

2026-04-15 20:47:05,198:WARNING:/Users/yuandongran/Desktop/OIM3641_SP26_MyWork/.venv/lib/python3.11/site-packages/sklearn/metrics/_classification.py:1561: UserWarning: Note that pos_label (set to '>50K') is ignored when average != 'binary' (got 'weighted'). You may use labels=[pos_label] to specify a single positive class.
  warnings.warn(

2026-04-15 20:47:05,203:WARNING:/Users/yuandongran/Desktop/OIM3641_SP26_MyWork/.venv/lib/python3.11/site-packages/sklearn/metrics/_classification.py:1561: UserWarning: Note that pos_label (set to '>50K') is ignored when average != 'binary' (got 'weighted'). You may use labels=[pos_label] to specify a single positive class.
  warnings.warn(

2026-04-15 20:47:05,206:WARNING:/Users/yuandongran/Desktop/OIM3641_SP26_MyWork/.venv/lib/python3.11/site-packages/sklearn/metrics/_classification.py:1561: UserWarning: Note that pos_label (set to '>50K') is ignored when average != 'binary' (got 'weighted'). You may use labels=[pos_label] to specify a single positive class.
  warnings.warn(

2026-04-15 20:47:05,211:WARNING:/Users/yuandongran/Desktop/OIM3641_SP26_MyWork/.venv/lib/python3.11/site-packages/sklearn/metrics/_classification.py:1561: UserWarning: Note that pos_label (set to '>50K') is ignored when average != 'binary' (got 'weighted'). You may use labels=[pos_label] to specify a single positive class.
  warnings.warn(

2026-04-15 20:47:05,214:WARNING:/Users/yuandongran/Desktop/OIM3641_SP26_MyWork/.venv/lib/python3.11/site-packages/sklearn/metrics/_classification.py:1561: UserWarning: Note that pos_label (set to '>50K') is ignored when average != 'binary' (got 'weighted'). You may use labels=[pos_label] to specify a single positive class.
  warnings.warn(

2026-04-15 20:47:05,216:WARNING:/Users/yuandongran/Desktop/OIM3641_SP26_MyWork/.venv/lib/python3.11/site-packages/sklearn/metrics/_classification.py:1561: UserWarning: Note that pos_label (set to '>50K') is ignored when average != 'binary' (got 'weighted'). You may use labels=[pos_label] to specify a single positive class.
  warnings.warn(

2026-04-15 20:47:05,219:WARNING:/Users/yuandongran/Desktop/OIM3641_SP26_MyWork/.venv/lib/python3.11/site-packages/sklearn/metrics/_classification.py:1561: UserWarning: Note that pos_label (set to '>50K') is ignored when average != 'binary' (got 'weighted'). You may use labels=[pos_label] to specify a single positive class.
  warnings.warn(

2026-04-15 20:47:05,222:WARNING:/Users/yuandongran/Desktop/OIM3641_SP26_MyWork/.venv/lib/python3.11/site-packages/sklearn/metrics/_classification.py:1561: UserWarning: Note that pos_label (set to '>50K') is ignored when average != 'binary' (got 'weighted'). You may use labels=[pos_label] to specify a single positive class.
  warnings.warn(

2026-04-15 20:47:05,233:WARNING:/Users/yuandongran/Desktop/OIM3641_SP26_MyWork/.venv/lib/python3.11/site-packages/sklearn/metrics/_classification.py:1561: UserWarning: Note that pos_label (set to '>50K') is ignored when average != 'binary' (got 'weighted'). You may use labels=[pos_label] to specify a single positive class.
  warnings.warn(

2026-04-15 20:47:05,234:WARNING:/Users/yuandongran/Desktop/OIM3641_SP26_MyWork/.venv/lib/python3.11/site-packages/sklearn/metrics/_classification.py:1561: UserWarning: Note that pos_label (set to '>50K') is ignored when average != 'binary' (got 'weighted'). You may use labels=[pos_label] to specify a single positive class.
  warnings.warn(

2026-04-15 20:47:05,250:WARNING:/Users/yuandongran/Desktop/OIM3641_SP26_MyWork/.venv/lib/python3.11/site-packages/sklearn/metrics/_classification.py:1561: UserWarning: Note that pos_label (set to '>50K') is ignored when average != 'binary' (got 'weighted'). You may use labels=[pos_label] to specify a single positive class.
  warnings.warn(

2026-04-15 20:47:05,274:INFO:Calculating mean and std
2026-04-15 20:47:05,274:INFO:Creating metrics dataframe
2026-04-15 20:47:05,274:INFO:Uploading results into container
2026-04-15 20:47:05,275:INFO:Uploading model into container now
2026-04-15 20:47:05,275:INFO:_master_model_container: 8
2026-04-15 20:47:05,275:INFO:_display_container: 2
2026-04-15 20:47:05,275:INFO:QuadraticDiscriminantAnalysis(priors=None, reg_param=0.0,
                              store_covariance=False, tol=0.0001)
2026-04-15 20:47:05,275:INFO:create_model() successfully completed......................................
2026-04-15 20:47:05,313:INFO:SubProcess create_model() end ==================================
2026-04-15 20:47:05,313:INFO:Creating metrics dataframe
2026-04-15 20:47:05,314:INFO:Initializing Ada Boost Classifier
2026-04-15 20:47:05,314:INFO:Total runtime is 0.19060606559117635 minutes
2026-04-15 20:47:05,314:INFO:SubProcess create_model() called ==================================
2026-04-15 20:47:05,314:INFO:Initializing create_model()
2026-04-15 20:47:05,314:INFO:create_model(self=<pycaret.classification.oop.ClassificationExperiment object at 0x31c7efbd0>, estimator=ada, fold=StratifiedKFold(n_splits=5, random_state=None, shuffle=False), round=4, cross_validation=True, predict=True, fit_kwargs={}, groups=None, refit=False, probability_threshold=None, experiment_custom_tags=None, verbose=False, system=False, add_to_model_list=True, metrics=None, display=<pycaret.internal.display.display.CommonDisplay object at 0x31ce58d10>, model_only=True, return_train_score=False, error_score=0.0, kwargs={})
2026-04-15 20:47:05,314:INFO:Checking exceptions
2026-04-15 20:47:05,314:INFO:Importing libraries
2026-04-15 20:47:05,314:INFO:Copying training dataset
2026-04-15 20:47:05,318:INFO:Defining folds
2026-04-15 20:47:05,318:INFO:Declaring metric variables
2026-04-15 20:47:05,318:INFO:Importing untrained model
2026-04-15 20:47:05,318:INFO:Ada Boost Classifier Imported successfully
2026-04-15 20:47:05,318:INFO:Starting cross validation
2026-04-15 20:47:05,319:INFO:Cross validating with StratifiedKFold(n_splits=5, random_state=None, shuffle=False), n_jobs=-1
2026-04-15 20:47:05,531:WARNING:/Users/yuandongran/Desktop/OIM3641_SP26_MyWork/.venv/lib/python3.11/site-packages/sklearn/ensemble/_weight_boosting.py:519: FutureWarning: The SAMME.R algorithm (the default) is deprecated and will be removed in 1.6. Use the SAMME algorithm to circumvent this warning.
  warnings.warn(

2026-04-15 20:47:05,532:WARNING:/Users/yuandongran/Desktop/OIM3641_SP26_MyWork/.venv/lib/python3.11/site-packages/sklearn/ensemble/_weight_boosting.py:519: FutureWarning: The SAMME.R algorithm (the default) is deprecated and will be removed in 1.6. Use the SAMME algorithm to circumvent this warning.
  warnings.warn(

2026-04-15 20:47:05,534:WARNING:/Users/yuandongran/Desktop/OIM3641_SP26_MyWork/.venv/lib/python3.11/site-packages/sklearn/ensemble/_weight_boosting.py:519: FutureWarning: The SAMME.R algorithm (the default) is deprecated and will be removed in 1.6. Use the SAMME algorithm to circumvent this warning.
  warnings.warn(

2026-04-15 20:47:05,535:WARNING:/Users/yuandongran/Desktop/OIM3641_SP26_MyWork/.venv/lib/python3.11/site-packages/sklearn/ensemble/_weight_boosting.py:519: FutureWarning: The SAMME.R algorithm (the default) is deprecated and will be removed in 1.6. Use the SAMME algorithm to circumvent this warning.
  warnings.warn(

2026-04-15 20:47:05,547:WARNING:/Users/yuandongran/Desktop/OIM3641_SP26_MyWork/.venv/lib/python3.11/site-packages/sklearn/ensemble/_weight_boosting.py:519: FutureWarning: The SAMME.R algorithm (the default) is deprecated and will be removed in 1.6. Use the SAMME algorithm to circumvent this warning.
  warnings.warn(

2026-04-15 20:47:06,141:WARNING:/Users/yuandongran/Desktop/OIM3641_SP26_MyWork/.venv/lib/python3.11/site-packages/sklearn/metrics/_classification.py:1561: UserWarning: Note that pos_label (set to '>50K') is ignored when average != 'binary' (got 'weighted'). You may use labels=[pos_label] to specify a single positive class.
  warnings.warn(

2026-04-15 20:47:06,146:WARNING:/Users/yuandongran/Desktop/OIM3641_SP26_MyWork/.venv/lib/python3.11/site-packages/sklearn/metrics/_classification.py:1561: UserWarning: Note that pos_label (set to '>50K') is ignored when average != 'binary' (got 'weighted'). You may use labels=[pos_label] to specify a single positive class.
  warnings.warn(

2026-04-15 20:47:06,156:WARNING:/Users/yuandongran/Desktop/OIM3641_SP26_MyWork/.venv/lib/python3.11/site-packages/sklearn/metrics/_classification.py:1561: UserWarning: Note that pos_label (set to '>50K') is ignored when average != 'binary' (got 'weighted'). You may use labels=[pos_label] to specify a single positive class.
  warnings.warn(

2026-04-15 20:47:06,157:WARNING:/Users/yuandongran/Desktop/OIM3641_SP26_MyWork/.venv/lib/python3.11/site-packages/sklearn/metrics/_classification.py:1561: UserWarning: Note that pos_label (set to '>50K') is ignored when average != 'binary' (got 'weighted'). You may use labels=[pos_label] to specify a single positive class.
  warnings.warn(

2026-04-15 20:47:06,159:WARNING:/Users/yuandongran/Desktop/OIM3641_SP26_MyWork/.venv/lib/python3.11/site-packages/sklearn/metrics/_classification.py:1561: UserWarning: Note that pos_label (set to '>50K') is ignored when average != 'binary' (got 'weighted'). You may use labels=[pos_label] to specify a single positive class.
  warnings.warn(

2026-04-15 20:47:06,161:WARNING:/Users/yuandongran/Desktop/OIM3641_SP26_MyWork/.venv/lib/python3.11/site-packages/sklearn/metrics/_classification.py:1561: UserWarning: Note that pos_label (set to '>50K') is ignored when average != 'binary' (got 'weighted'). You may use labels=[pos_label] to specify a single positive class.
  warnings.warn(

2026-04-15 20:47:06,163:WARNING:/Users/yuandongran/Desktop/OIM3641_SP26_MyWork/.venv/lib/python3.11/site-packages/sklearn/metrics/_classification.py:1561: UserWarning: Note that pos_label (set to '>50K') is ignored when average != 'binary' (got 'weighted'). You may use labels=[pos_label] to specify a single positive class.
  warnings.warn(

2026-04-15 20:47:06,173:WARNING:/Users/yuandongran/Desktop/OIM3641_SP26_MyWork/.venv/lib/python3.11/site-packages/sklearn/metrics/_classification.py:1561: UserWarning: Note that pos_label (set to '>50K') is ignored when average != 'binary' (got 'weighted'). You may use labels=[pos_label] to specify a single positive class.
  warnings.warn(

2026-04-15 20:47:06,173:WARNING:/Users/yuandongran/Desktop/OIM3641_SP26_MyWork/.venv/lib/python3.11/site-packages/sklearn/metrics/_classification.py:1561: UserWarning: Note that pos_label (set to '>50K') is ignored when average != 'binary' (got 'weighted'). You may use labels=[pos_label] to specify a single positive class.
  warnings.warn(

2026-04-15 20:47:06,175:WARNING:/Users/yuandongran/Desktop/OIM3641_SP26_MyWork/.venv/lib/python3.11/site-packages/sklearn/metrics/_classification.py:1561: UserWarning: Note that pos_label (set to '>50K') is ignored when average != 'binary' (got 'weighted'). You may use labels=[pos_label] to specify a single positive class.
  warnings.warn(

2026-04-15 20:47:06,176:WARNING:/Users/yuandongran/Desktop/OIM3641_SP26_MyWork/.venv/lib/python3.11/site-packages/sklearn/metrics/_classification.py:1561: UserWarning: Note that pos_label (set to '>50K') is ignored when average != 'binary' (got 'weighted'). You may use labels=[pos_label] to specify a single positive class.
  warnings.warn(

2026-04-15 20:47:06,179:WARNING:/Users/yuandongran/Desktop/OIM3641_SP26_MyWork/.venv/lib/python3.11/site-packages/sklearn/metrics/_classification.py:1561: UserWarning: Note that pos_label (set to '>50K') is ignored when average != 'binary' (got 'weighted'). You may use labels=[pos_label] to specify a single positive class.
  warnings.warn(

2026-04-15 20:47:06,188:WARNING:/Users/yuandongran/Desktop/OIM3641_SP26_MyWork/.venv/lib/python3.11/site-packages/sklearn/metrics/_classification.py:1561: UserWarning: Note that pos_label (set to '>50K') is ignored when average != 'binary' (got 'weighted'). You may use labels=[pos_label] to specify a single positive class.
  warnings.warn(

2026-04-15 20:47:06,192:WARNING:/Users/yuandongran/Desktop/OIM3641_SP26_MyWork/.venv/lib/python3.11/site-packages/sklearn/metrics/_classification.py:1561: UserWarning: Note that pos_label (set to '>50K') is ignored when average != 'binary' (got 'weighted'). You may use labels=[pos_label] to specify a single positive class.
  warnings.warn(

2026-04-15 20:47:06,195:WARNING:/Users/yuandongran/Desktop/OIM3641_SP26_MyWork/.venv/lib/python3.11/site-packages/sklearn/metrics/_classification.py:1561: UserWarning: Note that pos_label (set to '>50K') is ignored when average != 'binary' (got 'weighted'). You may use labels=[pos_label] to specify a single positive class.
  warnings.warn(

2026-04-15 20:47:06,222:INFO:Calculating mean and std
2026-04-15 20:47:06,222:INFO:Creating metrics dataframe
2026-04-15 20:47:06,223:INFO:Uploading results into container
2026-04-15 20:47:06,223:INFO:Uploading model into container now
2026-04-15 20:47:06,223:INFO:_master_model_container: 9
2026-04-15 20:47:06,223:INFO:_display_container: 2
2026-04-15 20:47:06,223:INFO:AdaBoostClassifier(algorithm='SAMME.R', estimator=None, learning_rate=1.0,
                   n_estimators=50, random_state=42)
2026-04-15 20:47:06,223:INFO:create_model() successfully completed......................................
2026-04-15 20:47:06,265:INFO:SubProcess create_model() end ==================================
2026-04-15 20:47:06,265:INFO:Creating metrics dataframe
2026-04-15 20:47:06,266:INFO:Initializing Gradient Boosting Classifier
2026-04-15 20:47:06,266:INFO:Total runtime is 0.2064747134844462 minutes
2026-04-15 20:47:06,266:INFO:SubProcess create_model() called ==================================
2026-04-15 20:47:06,266:INFO:Initializing create_model()
2026-04-15 20:47:06,266:INFO:create_model(self=<pycaret.classification.oop.ClassificationExperiment object at 0x31c7efbd0>, estimator=gbc, fold=StratifiedKFold(n_splits=5, random_state=None, shuffle=False), round=4, cross_validation=True, predict=True, fit_kwargs={}, groups=None, refit=False, probability_threshold=None, experiment_custom_tags=None, verbose=False, system=False, add_to_model_list=True, metrics=None, display=<pycaret.internal.display.display.CommonDisplay object at 0x31ce58d10>, model_only=True, return_train_score=False, error_score=0.0, kwargs={})
2026-04-15 20:47:06,266:INFO:Checking exceptions
2026-04-15 20:47:06,266:INFO:Importing libraries
2026-04-15 20:47:06,266:INFO:Copying training dataset
2026-04-15 20:47:06,270:INFO:Defining folds
2026-04-15 20:47:06,270:INFO:Declaring metric variables
2026-04-15 20:47:06,270:INFO:Importing untrained model
2026-04-15 20:47:06,270:INFO:Gradient Boosting Classifier Imported successfully
2026-04-15 20:47:06,270:INFO:Starting cross validation
2026-04-15 20:47:06,271:INFO:Cross validating with StratifiedKFold(n_splits=5, random_state=None, shuffle=False), n_jobs=-1
2026-04-15 20:47:08,476:WARNING:/Users/yuandongran/Desktop/OIM3641_SP26_MyWork/.venv/lib/python3.11/site-packages/sklearn/metrics/_classification.py:1561: UserWarning: Note that pos_label (set to '>50K') is ignored when average != 'binary' (got 'weighted'). You may use labels=[pos_label] to specify a single positive class.
  warnings.warn(

2026-04-15 20:47:08,485:WARNING:/Users/yuandongran/Desktop/OIM3641_SP26_MyWork/.venv/lib/python3.11/site-packages/sklearn/metrics/_classification.py:1561: UserWarning: Note that pos_label (set to '>50K') is ignored when average != 'binary' (got 'weighted'). You may use labels=[pos_label] to specify a single positive class.
  warnings.warn(

2026-04-15 20:47:08,494:WARNING:/Users/yuandongran/Desktop/OIM3641_SP26_MyWork/.venv/lib/python3.11/site-packages/sklearn/metrics/_classification.py:1561: UserWarning: Note that pos_label (set to '>50K') is ignored when average != 'binary' (got 'weighted'). You may use labels=[pos_label] to specify a single positive class.
  warnings.warn(

2026-04-15 20:47:08,496:WARNING:/Users/yuandongran/Desktop/OIM3641_SP26_MyWork/.venv/lib/python3.11/site-packages/sklearn/metrics/_classification.py:1561: UserWarning: Note that pos_label (set to '>50K') is ignored when average != 'binary' (got 'weighted'). You may use labels=[pos_label] to specify a single positive class.
  warnings.warn(

2026-04-15 20:47:08,499:WARNING:/Users/yuandongran/Desktop/OIM3641_SP26_MyWork/.venv/lib/python3.11/site-packages/sklearn/metrics/_classification.py:1561: UserWarning: Note that pos_label (set to '>50K') is ignored when average != 'binary' (got 'weighted'). You may use labels=[pos_label] to specify a single positive class.
  warnings.warn(

2026-04-15 20:47:08,502:WARNING:/Users/yuandongran/Desktop/OIM3641_SP26_MyWork/.venv/lib/python3.11/site-packages/sklearn/metrics/_classification.py:1561: UserWarning: Note that pos_label (set to '>50K') is ignored when average != 'binary' (got 'weighted'). You may use labels=[pos_label] to specify a single positive class.
  warnings.warn(

2026-04-15 20:47:08,511:WARNING:/Users/yuandongran/Desktop/OIM3641_SP26_MyWork/.venv/lib/python3.11/site-packages/sklearn/metrics/_classification.py:1561: UserWarning: Note that pos_label (set to '>50K') is ignored when average != 'binary' (got 'weighted'). You may use labels=[pos_label] to specify a single positive class.
  warnings.warn(

2026-04-15 20:47:08,512:WARNING:/Users/yuandongran/Desktop/OIM3641_SP26_MyWork/.venv/lib/python3.11/site-packages/sklearn/metrics/_classification.py:1561: UserWarning: Note that pos_label (set to '>50K') is ignored when average != 'binary' (got 'weighted'). You may use labels=[pos_label] to specify a single positive class.
  warnings.warn(

2026-04-15 20:47:08,515:WARNING:/Users/yuandongran/Desktop/OIM3641_SP26_MyWork/.venv/lib/python3.11/site-packages/sklearn/metrics/_classification.py:1561: UserWarning: Note that pos_label (set to '>50K') is ignored when average != 'binary' (got 'weighted'). You may use labels=[pos_label] to specify a single positive class.
  warnings.warn(

2026-04-15 20:47:08,518:WARNING:/Users/yuandongran/Desktop/OIM3641_SP26_MyWork/.venv/lib/python3.11/site-packages/sklearn/metrics/_classification.py:1561: UserWarning: Note that pos_label (set to '>50K') is ignored when average != 'binary' (got 'weighted'). You may use labels=[pos_label] to specify a single positive class.
  warnings.warn(

2026-04-15 20:47:08,519:WARNING:/Users/yuandongran/Desktop/OIM3641_SP26_MyWork/.venv/lib/python3.11/site-packages/sklearn/metrics/_classification.py:1561: UserWarning: Note that pos_label (set to '>50K') is ignored when average != 'binary' (got 'weighted'). You may use labels=[pos_label] to specify a single positive class.
  warnings.warn(

2026-04-15 20:47:08,528:WARNING:/Users/yuandongran/Desktop/OIM3641_SP26_MyWork/.venv/lib/python3.11/site-packages/sklearn/metrics/_classification.py:1561: UserWarning: Note that pos_label (set to '>50K') is ignored when average != 'binary' (got 'weighted'). You may use labels=[pos_label] to specify a single positive class.
  warnings.warn(

2026-04-15 20:47:08,531:WARNING:/Users/yuandongran/Desktop/OIM3641_SP26_MyWork/.venv/lib/python3.11/site-packages/sklearn/metrics/_classification.py:1561: UserWarning: Note that pos_label (set to '>50K') is ignored when average != 'binary' (got 'weighted'). You may use labels=[pos_label] to specify a single positive class.
  warnings.warn(

2026-04-15 20:47:08,533:WARNING:/Users/yuandongran/Desktop/OIM3641_SP26_MyWork/.venv/lib/python3.11/site-packages/sklearn/metrics/_classification.py:1561: UserWarning: Note that pos_label (set to '>50K') is ignored when average != 'binary' (got 'weighted'). You may use labels=[pos_label] to specify a single positive class.
  warnings.warn(

2026-04-15 20:47:08,548:WARNING:/Users/yuandongran/Desktop/OIM3641_SP26_MyWork/.venv/lib/python3.11/site-packages/sklearn/metrics/_classification.py:1561: UserWarning: Note that pos_label (set to '>50K') is ignored when average != 'binary' (got 'weighted'). You may use labels=[pos_label] to specify a single positive class.
  warnings.warn(

2026-04-15 20:47:08,568:INFO:Calculating mean and std
2026-04-15 20:47:08,569:INFO:Creating metrics dataframe
2026-04-15 20:47:08,570:INFO:Uploading results into container
2026-04-15 20:47:08,570:INFO:Uploading model into container now
2026-04-15 20:47:08,571:INFO:_master_model_container: 10
2026-04-15 20:47:08,571:INFO:_display_container: 2
2026-04-15 20:47:08,571:INFO:GradientBoostingClassifier(ccp_alpha=0.0, criterion='friedman_mse', init=None,
                           learning_rate=0.1, loss='log_loss', max_depth=3,
                           max_features=None, max_leaf_nodes=None,
                           min_impurity_decrease=0.0, min_samples_leaf=1,
                           min_samples_split=2, min_weight_fraction_leaf=0.0,
                           n_estimators=100, n_iter_no_change=None,
                           random_state=42, subsample=1.0, tol=0.0001,
                           validation_fraction=0.1, verbose=0,
                           warm_start=False)
2026-04-15 20:47:08,571:INFO:create_model() successfully completed......................................
2026-04-15 20:47:08,630:INFO:SubProcess create_model() end ==================================
2026-04-15 20:47:08,630:INFO:Creating metrics dataframe
2026-04-15 20:47:08,631:INFO:Initializing Linear Discriminant Analysis
2026-04-15 20:47:08,631:INFO:Total runtime is 0.24588932991027831 minutes
2026-04-15 20:47:08,631:INFO:SubProcess create_model() called ==================================
2026-04-15 20:47:08,631:INFO:Initializing create_model()
2026-04-15 20:47:08,631:INFO:create_model(self=<pycaret.classification.oop.ClassificationExperiment object at 0x31c7efbd0>, estimator=lda, fold=StratifiedKFold(n_splits=5, random_state=None, shuffle=False), round=4, cross_validation=True, predict=True, fit_kwargs={}, groups=None, refit=False, probability_threshold=None, experiment_custom_tags=None, verbose=False, system=False, add_to_model_list=True, metrics=None, display=<pycaret.internal.display.display.CommonDisplay object at 0x31ce58d10>, model_only=True, return_train_score=False, error_score=0.0, kwargs={})
2026-04-15 20:47:08,631:INFO:Checking exceptions
2026-04-15 20:47:08,631:INFO:Importing libraries
2026-04-15 20:47:08,631:INFO:Copying training dataset
2026-04-15 20:47:08,635:INFO:Defining folds
2026-04-15 20:47:08,635:INFO:Declaring metric variables
2026-04-15 20:47:08,635:INFO:Importing untrained model
2026-04-15 20:47:08,635:INFO:Linear Discriminant Analysis Imported successfully
2026-04-15 20:47:08,635:INFO:Starting cross validation
2026-04-15 20:47:08,636:INFO:Cross validating with StratifiedKFold(n_splits=5, random_state=None, shuffle=False), n_jobs=-1
2026-04-15 20:47:08,968:WARNING:/Users/yuandongran/Desktop/OIM3641_SP26_MyWork/.venv/lib/python3.11/site-packages/sklearn/metrics/_classification.py:1561: UserWarning: Note that pos_label (set to '>50K') is ignored when average != 'binary' (got 'weighted'). You may use labels=[pos_label] to specify a single positive class.
  warnings.warn(

2026-04-15 20:47:08,978:WARNING:/Users/yuandongran/Desktop/OIM3641_SP26_MyWork/.venv/lib/python3.11/site-packages/sklearn/metrics/_classification.py:1561: UserWarning: Note that pos_label (set to '>50K') is ignored when average != 'binary' (got 'weighted'). You may use labels=[pos_label] to specify a single positive class.
  warnings.warn(

2026-04-15 20:47:08,979:WARNING:/Users/yuandongran/Desktop/OIM3641_SP26_MyWork/.venv/lib/python3.11/site-packages/sklearn/metrics/_classification.py:1561: UserWarning: Note that pos_label (set to '>50K') is ignored when average != 'binary' (got 'weighted'). You may use labels=[pos_label] to specify a single positive class.
  warnings.warn(

2026-04-15 20:47:08,980:WARNING:/Users/yuandongran/Desktop/OIM3641_SP26_MyWork/.venv/lib/python3.11/site-packages/sklearn/metrics/_classification.py:1561: UserWarning: Note that pos_label (set to '>50K') is ignored when average != 'binary' (got 'weighted'). You may use labels=[pos_label] to specify a single positive class.
  warnings.warn(

2026-04-15 20:47:08,985:WARNING:/Users/yuandongran/Desktop/OIM3641_SP26_MyWork/.venv/lib/python3.11/site-packages/sklearn/metrics/_classification.py:1561: UserWarning: Note that pos_label (set to '>50K') is ignored when average != 'binary' (got 'weighted'). You may use labels=[pos_label] to specify a single positive class.
  warnings.warn(

2026-04-15 20:47:08,993:WARNING:/Users/yuandongran/Desktop/OIM3641_SP26_MyWork/.venv/lib/python3.11/site-packages/sklearn/metrics/_classification.py:1561: UserWarning: Note that pos_label (set to '>50K') is ignored when average != 'binary' (got 'weighted'). You may use labels=[pos_label] to specify a single positive class.
  warnings.warn(

2026-04-15 20:47:08,995:WARNING:/Users/yuandongran/Desktop/OIM3641_SP26_MyWork/.venv/lib/python3.11/site-packages/sklearn/metrics/_classification.py:1561: UserWarning: Note that pos_label (set to '>50K') is ignored when average != 'binary' (got 'weighted'). You may use labels=[pos_label] to specify a single positive class.
  warnings.warn(

2026-04-15 20:47:08,996:WARNING:/Users/yuandongran/Desktop/OIM3641_SP26_MyWork/.venv/lib/python3.11/site-packages/sklearn/metrics/_classification.py:1561: UserWarning: Note that pos_label (set to '>50K') is ignored when average != 'binary' (got 'weighted'). You may use labels=[pos_label] to specify a single positive class.
  warnings.warn(

2026-04-15 20:47:09,000:WARNING:/Users/yuandongran/Desktop/OIM3641_SP26_MyWork/.venv/lib/python3.11/site-packages/sklearn/metrics/_classification.py:1561: UserWarning: Note that pos_label (set to '>50K') is ignored when average != 'binary' (got 'weighted'). You may use labels=[pos_label] to specify a single positive class.
  warnings.warn(

2026-04-15 20:47:09,003:WARNING:/Users/yuandongran/Desktop/OIM3641_SP26_MyWork/.venv/lib/python3.11/site-packages/sklearn/metrics/_classification.py:1561: UserWarning: Note that pos_label (set to '>50K') is ignored when average != 'binary' (got 'weighted'). You may use labels=[pos_label] to specify a single positive class.
  warnings.warn(

2026-04-15 20:47:09,009:WARNING:/Users/yuandongran/Desktop/OIM3641_SP26_MyWork/.venv/lib/python3.11/site-packages/sklearn/metrics/_classification.py:1561: UserWarning: Note that pos_label (set to '>50K') is ignored when average != 'binary' (got 'weighted'). You may use labels=[pos_label] to specify a single positive class.
  warnings.warn(

2026-04-15 20:47:09,010:WARNING:/Users/yuandongran/Desktop/OIM3641_SP26_MyWork/.venv/lib/python3.11/site-packages/sklearn/metrics/_classification.py:1561: UserWarning: Note that pos_label (set to '>50K') is ignored when average != 'binary' (got 'weighted'). You may use labels=[pos_label] to specify a single positive class.
  warnings.warn(

2026-04-15 20:47:09,012:WARNING:/Users/yuandongran/Desktop/OIM3641_SP26_MyWork/.venv/lib/python3.11/site-packages/sklearn/metrics/_classification.py:1561: UserWarning: Note that pos_label (set to '>50K') is ignored when average != 'binary' (got 'weighted'). You may use labels=[pos_label] to specify a single positive class.
  warnings.warn(

2026-04-15 20:47:09,018:WARNING:/Users/yuandongran/Desktop/OIM3641_SP26_MyWork/.venv/lib/python3.11/site-packages/sklearn/metrics/_classification.py:1561: UserWarning: Note that pos_label (set to '>50K') is ignored when average != 'binary' (got 'weighted'). You may use labels=[pos_label] to specify a single positive class.
  warnings.warn(

2026-04-15 20:47:09,033:WARNING:/Users/yuandongran/Desktop/OIM3641_SP26_MyWork/.venv/lib/python3.11/site-packages/sklearn/metrics/_classification.py:1561: UserWarning: Note that pos_label (set to '>50K') is ignored when average != 'binary' (got 'weighted'). You may use labels=[pos_label] to specify a single positive class.
  warnings.warn(

2026-04-15 20:47:09,065:INFO:Calculating mean and std
2026-04-15 20:47:09,065:INFO:Creating metrics dataframe
2026-04-15 20:47:09,066:INFO:Uploading results into container
2026-04-15 20:47:09,066:INFO:Uploading model into container now
2026-04-15 20:47:09,066:INFO:_master_model_container: 11
2026-04-15 20:47:09,066:INFO:_display_container: 2
2026-04-15 20:47:09,066:INFO:LinearDiscriminantAnalysis(covariance_estimator=None, n_components=None,
                           priors=None, shrinkage=None, solver='svd',
                           store_covariance=False, tol=0.0001)
2026-04-15 20:47:09,066:INFO:create_model() successfully completed......................................
2026-04-15 20:47:09,107:INFO:SubProcess create_model() end ==================================
2026-04-15 20:47:09,107:INFO:Creating metrics dataframe
2026-04-15 20:47:09,108:INFO:Initializing Extra Trees Classifier
2026-04-15 20:47:09,108:INFO:Total runtime is 0.2538522481918335 minutes
2026-04-15 20:47:09,108:INFO:SubProcess create_model() called ==================================
2026-04-15 20:47:09,108:INFO:Initializing create_model()
2026-04-15 20:47:09,108:INFO:create_model(self=<pycaret.classification.oop.ClassificationExperiment object at 0x31c7efbd0>, estimator=et, fold=StratifiedKFold(n_splits=5, random_state=None, shuffle=False), round=4, cross_validation=True, predict=True, fit_kwargs={}, groups=None, refit=False, probability_threshold=None, experiment_custom_tags=None, verbose=False, system=False, add_to_model_list=True, metrics=None, display=<pycaret.internal.display.display.CommonDisplay object at 0x31ce58d10>, model_only=True, return_train_score=False, error_score=0.0, kwargs={})
2026-04-15 20:47:09,108:INFO:Checking exceptions
2026-04-15 20:47:09,108:INFO:Importing libraries
2026-04-15 20:47:09,108:INFO:Copying training dataset
2026-04-15 20:47:09,113:INFO:Defining folds
2026-04-15 20:47:09,113:INFO:Declaring metric variables
2026-04-15 20:47:09,113:INFO:Importing untrained model
2026-04-15 20:47:09,113:INFO:Extra Trees Classifier Imported successfully
2026-04-15 20:47:09,113:INFO:Starting cross validation
2026-04-15 20:47:09,114:INFO:Cross validating with StratifiedKFold(n_splits=5, random_state=None, shuffle=False), n_jobs=-1
2026-04-15 20:47:10,132:WARNING:/Users/yuandongran/Desktop/OIM3641_SP26_MyWork/.venv/lib/python3.11/site-packages/sklearn/metrics/_classification.py:1561: UserWarning: Note that pos_label (set to '>50K') is ignored when average != 'binary' (got 'weighted'). You may use labels=[pos_label] to specify a single positive class.
  warnings.warn(

2026-04-15 20:47:10,158:WARNING:/Users/yuandongran/Desktop/OIM3641_SP26_MyWork/.venv/lib/python3.11/site-packages/sklearn/metrics/_classification.py:1561: UserWarning: Note that pos_label (set to '>50K') is ignored when average != 'binary' (got 'weighted'). You may use labels=[pos_label] to specify a single positive class.
  warnings.warn(

2026-04-15 20:47:10,173:WARNING:/Users/yuandongran/Desktop/OIM3641_SP26_MyWork/.venv/lib/python3.11/site-packages/sklearn/metrics/_classification.py:1561: UserWarning: Note that pos_label (set to '>50K') is ignored when average != 'binary' (got 'weighted'). You may use labels=[pos_label] to specify a single positive class.
  warnings.warn(

2026-04-15 20:47:10,174:WARNING:/Users/yuandongran/Desktop/OIM3641_SP26_MyWork/.venv/lib/python3.11/site-packages/sklearn/metrics/_classification.py:1561: UserWarning: Note that pos_label (set to '>50K') is ignored when average != 'binary' (got 'weighted'). You may use labels=[pos_label] to specify a single positive class.
  warnings.warn(

2026-04-15 20:47:10,189:WARNING:/Users/yuandongran/Desktop/OIM3641_SP26_MyWork/.venv/lib/python3.11/site-packages/sklearn/metrics/_classification.py:1561: UserWarning: Note that pos_label (set to '>50K') is ignored when average != 'binary' (got 'weighted'). You may use labels=[pos_label] to specify a single positive class.
  warnings.warn(

2026-04-15 20:47:10,213:WARNING:/Users/yuandongran/Desktop/OIM3641_SP26_MyWork/.venv/lib/python3.11/site-packages/sklearn/metrics/_classification.py:1561: UserWarning: Note that pos_label (set to '>50K') is ignored when average != 'binary' (got 'weighted'). You may use labels=[pos_label] to specify a single positive class.
  warnings.warn(

2026-04-15 20:47:10,295:WARNING:/Users/yuandongran/Desktop/OIM3641_SP26_MyWork/.venv/lib/python3.11/site-packages/sklearn/metrics/_classification.py:1561: UserWarning: Note that pos_label (set to '>50K') is ignored when average != 'binary' (got 'weighted'). You may use labels=[pos_label] to specify a single positive class.
  warnings.warn(

2026-04-15 20:47:10,305:WARNING:/Users/yuandongran/Desktop/OIM3641_SP26_MyWork/.venv/lib/python3.11/site-packages/sklearn/metrics/_classification.py:1561: UserWarning: Note that pos_label (set to '>50K') is ignored when average != 'binary' (got 'weighted'). You may use labels=[pos_label] to specify a single positive class.
  warnings.warn(

2026-04-15 20:47:10,312:WARNING:/Users/yuandongran/Desktop/OIM3641_SP26_MyWork/.venv/lib/python3.11/site-packages/sklearn/metrics/_classification.py:1561: UserWarning: Note that pos_label (set to '>50K') is ignored when average != 'binary' (got 'weighted'). You may use labels=[pos_label] to specify a single positive class.
  warnings.warn(

2026-04-15 20:47:10,321:WARNING:/Users/yuandongran/Desktop/OIM3641_SP26_MyWork/.venv/lib/python3.11/site-packages/sklearn/metrics/_classification.py:1561: UserWarning: Note that pos_label (set to '>50K') is ignored when average != 'binary' (got 'weighted'). You may use labels=[pos_label] to specify a single positive class.
  warnings.warn(

2026-04-15 20:47:10,321:WARNING:/Users/yuandongran/Desktop/OIM3641_SP26_MyWork/.venv/lib/python3.11/site-packages/sklearn/metrics/_classification.py:1561: UserWarning: Note that pos_label (set to '>50K') is ignored when average != 'binary' (got 'weighted'). You may use labels=[pos_label] to specify a single positive class.
  warnings.warn(

2026-04-15 20:47:10,327:WARNING:/Users/yuandongran/Desktop/OIM3641_SP26_MyWork/.venv/lib/python3.11/site-packages/sklearn/metrics/_classification.py:1561: UserWarning: Note that pos_label (set to '>50K') is ignored when average != 'binary' (got 'weighted'). You may use labels=[pos_label] to specify a single positive class.
  warnings.warn(

2026-04-15 20:47:10,335:WARNING:/Users/yuandongran/Desktop/OIM3641_SP26_MyWork/.venv/lib/python3.11/site-packages/sklearn/metrics/_classification.py:1561: UserWarning: Note that pos_label (set to '>50K') is ignored when average != 'binary' (got 'weighted'). You may use labels=[pos_label] to specify a single positive class.
  warnings.warn(

2026-04-15 20:47:10,336:WARNING:/Users/yuandongran/Desktop/OIM3641_SP26_MyWork/.venv/lib/python3.11/site-packages/sklearn/metrics/_classification.py:1561: UserWarning: Note that pos_label (set to '>50K') is ignored when average != 'binary' (got 'weighted'). You may use labels=[pos_label] to specify a single positive class.
  warnings.warn(

2026-04-15 20:47:10,351:WARNING:/Users/yuandongran/Desktop/OIM3641_SP26_MyWork/.venv/lib/python3.11/site-packages/sklearn/metrics/_classification.py:1561: UserWarning: Note that pos_label (set to '>50K') is ignored when average != 'binary' (got 'weighted'). You may use labels=[pos_label] to specify a single positive class.
  warnings.warn(

2026-04-15 20:47:10,384:INFO:Calculating mean and std
2026-04-15 20:47:10,384:INFO:Creating metrics dataframe
2026-04-15 20:47:10,387:INFO:Uploading results into container
2026-04-15 20:47:10,387:INFO:Uploading model into container now
2026-04-15 20:47:10,388:INFO:_master_model_container: 12
2026-04-15 20:47:10,388:INFO:_display_container: 2
2026-04-15 20:47:10,388:INFO:ExtraTreesClassifier(bootstrap=False, ccp_alpha=0.0, class_weight=None,
                     criterion='gini', max_depth=None, max_features='sqrt',
                     max_leaf_nodes=None, max_samples=None,
                     min_impurity_decrease=0.0, min_samples_leaf=1,
                     min_samples_split=2, min_weight_fraction_leaf=0.0,
                     monotonic_cst=None, n_estimators=100, n_jobs=-1,
                     oob_score=False, random_state=42, verbose=0,
                     warm_start=False)
2026-04-15 20:47:10,388:INFO:create_model() successfully completed......................................
2026-04-15 20:47:10,443:INFO:SubProcess create_model() end ==================================
2026-04-15 20:47:10,443:INFO:Creating metrics dataframe
2026-04-15 20:47:10,444:INFO:Initializing Light Gradient Boosting Machine
2026-04-15 20:47:10,444:INFO:Total runtime is 0.2761082967122396 minutes
2026-04-15 20:47:10,444:INFO:SubProcess create_model() called ==================================
2026-04-15 20:47:10,444:INFO:Initializing create_model()
2026-04-15 20:47:10,444:INFO:create_model(self=<pycaret.classification.oop.ClassificationExperiment object at 0x31c7efbd0>, estimator=lightgbm, fold=StratifiedKFold(n_splits=5, random_state=None, shuffle=False), round=4, cross_validation=True, predict=True, fit_kwargs={}, groups=None, refit=False, probability_threshold=None, experiment_custom_tags=None, verbose=False, system=False, add_to_model_list=True, metrics=None, display=<pycaret.internal.display.display.CommonDisplay object at 0x31ce58d10>, model_only=True, return_train_score=False, error_score=0.0, kwargs={})
2026-04-15 20:47:10,444:INFO:Checking exceptions
2026-04-15 20:47:10,444:INFO:Importing libraries
2026-04-15 20:47:10,444:INFO:Copying training dataset
2026-04-15 20:47:10,448:INFO:Defining folds
2026-04-15 20:47:10,448:INFO:Declaring metric variables
2026-04-15 20:47:10,448:INFO:Importing untrained model
2026-04-15 20:47:10,448:INFO:Light Gradient Boosting Machine Imported successfully
2026-04-15 20:47:10,448:INFO:Starting cross validation
2026-04-15 20:47:10,449:INFO:Cross validating with StratifiedKFold(n_splits=5, random_state=None, shuffle=False), n_jobs=-1
2026-04-15 20:47:12,713:WARNING:/Users/yuandongran/Desktop/OIM3641_SP26_MyWork/.venv/lib/python3.11/site-packages/sklearn/metrics/_classification.py:1561: UserWarning: Note that pos_label (set to '>50K') is ignored when average != 'binary' (got 'weighted'). You may use labels=[pos_label] to specify a single positive class.
  warnings.warn(

2026-04-15 20:47:12,715:WARNING:/Users/yuandongran/Desktop/OIM3641_SP26_MyWork/.venv/lib/python3.11/site-packages/sklearn/metrics/_classification.py:1561: UserWarning: Note that pos_label (set to '>50K') is ignored when average != 'binary' (got 'weighted'). You may use labels=[pos_label] to specify a single positive class.
  warnings.warn(

2026-04-15 20:47:12,718:WARNING:/Users/yuandongran/Desktop/OIM3641_SP26_MyWork/.venv/lib/python3.11/site-packages/sklearn/metrics/_classification.py:1561: UserWarning: Note that pos_label (set to '>50K') is ignored when average != 'binary' (got 'weighted'). You may use labels=[pos_label] to specify a single positive class.
  warnings.warn(

2026-04-15 20:47:12,718:WARNING:/Users/yuandongran/Desktop/OIM3641_SP26_MyWork/.venv/lib/python3.11/site-packages/sklearn/metrics/_classification.py:1561: UserWarning: Note that pos_label (set to '>50K') is ignored when average != 'binary' (got 'weighted'). You may use labels=[pos_label] to specify a single positive class.
  warnings.warn(

2026-04-15 20:47:12,728:WARNING:/Users/yuandongran/Desktop/OIM3641_SP26_MyWork/.venv/lib/python3.11/site-packages/sklearn/metrics/_classification.py:1561: UserWarning: Note that pos_label (set to '>50K') is ignored when average != 'binary' (got 'weighted'). You may use labels=[pos_label] to specify a single positive class.
  warnings.warn(

2026-04-15 20:47:12,730:WARNING:/Users/yuandongran/Desktop/OIM3641_SP26_MyWork/.venv/lib/python3.11/site-packages/sklearn/metrics/_classification.py:1561: UserWarning: Note that pos_label (set to '>50K') is ignored when average != 'binary' (got 'weighted'). You may use labels=[pos_label] to specify a single positive class.
  warnings.warn(

2026-04-15 20:47:12,732:WARNING:/Users/yuandongran/Desktop/OIM3641_SP26_MyWork/.venv/lib/python3.11/site-packages/sklearn/metrics/_classification.py:1561: UserWarning: Note that pos_label (set to '>50K') is ignored when average != 'binary' (got 'weighted'). You may use labels=[pos_label] to specify a single positive class.
  warnings.warn(

2026-04-15 20:47:12,735:WARNING:/Users/yuandongran/Desktop/OIM3641_SP26_MyWork/.venv/lib/python3.11/site-packages/sklearn/metrics/_classification.py:1561: UserWarning: Note that pos_label (set to '>50K') is ignored when average != 'binary' (got 'weighted'). You may use labels=[pos_label] to specify a single positive class.
  warnings.warn(

2026-04-15 20:47:12,737:WARNING:/Users/yuandongran/Desktop/OIM3641_SP26_MyWork/.venv/lib/python3.11/site-packages/sklearn/metrics/_classification.py:1561: UserWarning: Note that pos_label (set to '>50K') is ignored when average != 'binary' (got 'weighted'). You may use labels=[pos_label] to specify a single positive class.
  warnings.warn(

2026-04-15 20:47:12,744:WARNING:/Users/yuandongran/Desktop/OIM3641_SP26_MyWork/.venv/lib/python3.11/site-packages/sklearn/metrics/_classification.py:1561: UserWarning: Note that pos_label (set to '>50K') is ignored when average != 'binary' (got 'weighted'). You may use labels=[pos_label] to specify a single positive class.
  warnings.warn(

2026-04-15 20:47:12,748:WARNING:/Users/yuandongran/Desktop/OIM3641_SP26_MyWork/.venv/lib/python3.11/site-packages/sklearn/metrics/_classification.py:1561: UserWarning: Note that pos_label (set to '>50K') is ignored when average != 'binary' (got 'weighted'). You may use labels=[pos_label] to specify a single positive class.
  warnings.warn(

2026-04-15 20:47:12,748:WARNING:/Users/yuandongran/Desktop/OIM3641_SP26_MyWork/.venv/lib/python3.11/site-packages/sklearn/metrics/_classification.py:1561: UserWarning: Note that pos_label (set to '>50K') is ignored when average != 'binary' (got 'weighted'). You may use labels=[pos_label] to specify a single positive class.
  warnings.warn(

2026-04-15 20:47:12,752:WARNING:/Users/yuandongran/Desktop/OIM3641_SP26_MyWork/.venv/lib/python3.11/site-packages/sklearn/metrics/_classification.py:1561: UserWarning: Note that pos_label (set to '>50K') is ignored when average != 'binary' (got 'weighted'). You may use labels=[pos_label] to specify a single positive class.
  warnings.warn(

2026-04-15 20:47:12,754:WARNING:/Users/yuandongran/Desktop/OIM3641_SP26_MyWork/.venv/lib/python3.11/site-packages/sklearn/metrics/_classification.py:1561: UserWarning: Note that pos_label (set to '>50K') is ignored when average != 'binary' (got 'weighted'). You may use labels=[pos_label] to specify a single positive class.
  warnings.warn(

2026-04-15 20:47:12,761:WARNING:/Users/yuandongran/Desktop/OIM3641_SP26_MyWork/.venv/lib/python3.11/site-packages/sklearn/metrics/_classification.py:1561: UserWarning: Note that pos_label (set to '>50K') is ignored when average != 'binary' (got 'weighted'). You may use labels=[pos_label] to specify a single positive class.
  warnings.warn(

2026-04-15 20:47:12,796:INFO:Calculating mean and std
2026-04-15 20:47:12,797:INFO:Creating metrics dataframe
2026-04-15 20:47:12,797:INFO:Uploading results into container
2026-04-15 20:47:12,798:INFO:Uploading model into container now
2026-04-15 20:47:12,798:INFO:_master_model_container: 13
2026-04-15 20:47:12,798:INFO:_display_container: 2
2026-04-15 20:47:12,798:INFO:LGBMClassifier(boosting_type='gbdt', class_weight=None, colsample_bytree=1.0,
               importance_type='split', learning_rate=0.1, max_depth=-1,
               min_child_samples=20, min_child_weight=0.001, min_split_gain=0.0,
               n_estimators=100, n_jobs=-1, num_leaves=31, objective=None,
               random_state=42, reg_alpha=0.0, reg_lambda=0.0, subsample=1.0,
               subsample_for_bin=200000, subsample_freq=0)
2026-04-15 20:47:12,798:INFO:create_model() successfully completed......................................
2026-04-15 20:47:12,847:INFO:SubProcess create_model() end ==================================
2026-04-15 20:47:12,847:INFO:Creating metrics dataframe
2026-04-15 20:47:12,848:INFO:Initializing Dummy Classifier
2026-04-15 20:47:12,848:INFO:Total runtime is 0.3161796490351359 minutes
2026-04-15 20:47:12,848:INFO:SubProcess create_model() called ==================================
2026-04-15 20:47:12,848:INFO:Initializing create_model()
2026-04-15 20:47:12,848:INFO:create_model(self=<pycaret.classification.oop.ClassificationExperiment object at 0x31c7efbd0>, estimator=dummy, fold=StratifiedKFold(n_splits=5, random_state=None, shuffle=False), round=4, cross_validation=True, predict=True, fit_kwargs={}, groups=None, refit=False, probability_threshold=None, experiment_custom_tags=None, verbose=False, system=False, add_to_model_list=True, metrics=None, display=<pycaret.internal.display.display.CommonDisplay object at 0x31ce58d10>, model_only=True, return_train_score=False, error_score=0.0, kwargs={})
2026-04-15 20:47:12,848:INFO:Checking exceptions
2026-04-15 20:47:12,848:INFO:Importing libraries
2026-04-15 20:47:12,848:INFO:Copying training dataset
2026-04-15 20:47:12,852:INFO:Defining folds
2026-04-15 20:47:12,852:INFO:Declaring metric variables
2026-04-15 20:47:12,852:INFO:Importing untrained model
2026-04-15 20:47:12,853:INFO:Dummy Classifier Imported successfully
2026-04-15 20:47:12,853:INFO:Starting cross validation
2026-04-15 20:47:12,853:INFO:Cross validating with StratifiedKFold(n_splits=5, random_state=None, shuffle=False), n_jobs=-1
2026-04-15 20:47:13,184:WARNING:/Users/yuandongran/Desktop/OIM3641_SP26_MyWork/.venv/lib/python3.11/site-packages/sklearn/metrics/_classification.py:1561: UserWarning: Note that pos_label (set to '>50K') is ignored when average != 'binary' (got 'weighted'). You may use labels=[pos_label] to specify a single positive class.
  warnings.warn(

2026-04-15 20:47:13,194:WARNING:/Users/yuandongran/Desktop/OIM3641_SP26_MyWork/.venv/lib/python3.11/site-packages/sklearn/metrics/_classification.py:1561: UserWarning: Note that pos_label (set to '>50K') is ignored when average != 'binary' (got 'weighted'). You may use labels=[pos_label] to specify a single positive class.
  warnings.warn(

2026-04-15 20:47:13,201:WARNING:/Users/yuandongran/Desktop/OIM3641_SP26_MyWork/.venv/lib/python3.11/site-packages/sklearn/metrics/_classification.py:1561: UserWarning: Note that pos_label (set to '>50K') is ignored when average != 'binary' (got 'weighted'). You may use labels=[pos_label] to specify a single positive class.
  warnings.warn(

2026-04-15 20:47:13,205:WARNING:/Users/yuandongran/Desktop/OIM3641_SP26_MyWork/.venv/lib/python3.11/site-packages/sklearn/metrics/_classification.py:1561: UserWarning: Note that pos_label (set to '>50K') is ignored when average != 'binary' (got 'weighted'). You may use labels=[pos_label] to specify a single positive class.
  warnings.warn(

2026-04-15 20:47:13,210:WARNING:/Users/yuandongran/Desktop/OIM3641_SP26_MyWork/.venv/lib/python3.11/site-packages/sklearn/metrics/_classification.py:1509: UndefinedMetricWarning: Precision is ill-defined and being set to 0.0 in labels with no predicted samples. Use `zero_division` parameter to control this behavior.
  _warn_prf(average, modifier, f"{metric.capitalize()} is", len(result))

2026-04-15 20:47:13,211:WARNING:/Users/yuandongran/Desktop/OIM3641_SP26_MyWork/.venv/lib/python3.11/site-packages/sklearn/metrics/_classification.py:1561: UserWarning: Note that pos_label (set to '>50K') is ignored when average != 'binary' (got 'weighted'). You may use labels=[pos_label] to specify a single positive class.
  warnings.warn(

2026-04-15 20:47:13,217:WARNING:/Users/yuandongran/Desktop/OIM3641_SP26_MyWork/.venv/lib/python3.11/site-packages/sklearn/metrics/_classification.py:1561: UserWarning: Note that pos_label (set to '>50K') is ignored when average != 'binary' (got 'weighted'). You may use labels=[pos_label] to specify a single positive class.
  warnings.warn(

2026-04-15 20:47:13,218:WARNING:/Users/yuandongran/Desktop/OIM3641_SP26_MyWork/.venv/lib/python3.11/site-packages/sklearn/metrics/_classification.py:1561: UserWarning: Note that pos_label (set to '>50K') is ignored when average != 'binary' (got 'weighted'). You may use labels=[pos_label] to specify a single positive class.
  warnings.warn(

2026-04-15 20:47:13,222:WARNING:/Users/yuandongran/Desktop/OIM3641_SP26_MyWork/.venv/lib/python3.11/site-packages/sklearn/metrics/_classification.py:1509: UndefinedMetricWarning: Precision is ill-defined and being set to 0.0 in labels with no predicted samples. Use `zero_division` parameter to control this behavior.
  _warn_prf(average, modifier, f"{metric.capitalize()} is", len(result))

2026-04-15 20:47:13,222:WARNING:/Users/yuandongran/Desktop/OIM3641_SP26_MyWork/.venv/lib/python3.11/site-packages/sklearn/metrics/_classification.py:1561: UserWarning: Note that pos_label (set to '>50K') is ignored when average != 'binary' (got 'weighted'). You may use labels=[pos_label] to specify a single positive class.
  warnings.warn(

2026-04-15 20:47:13,224:WARNING:/Users/yuandongran/Desktop/OIM3641_SP26_MyWork/.venv/lib/python3.11/site-packages/sklearn/metrics/_classification.py:1561: UserWarning: Note that pos_label (set to '>50K') is ignored when average != 'binary' (got 'weighted'). You may use labels=[pos_label] to specify a single positive class.
  warnings.warn(

2026-04-15 20:47:13,230:WARNING:/Users/yuandongran/Desktop/OIM3641_SP26_MyWork/.venv/lib/python3.11/site-packages/sklearn/metrics/_classification.py:1561: UserWarning: Note that pos_label (set to '>50K') is ignored when average != 'binary' (got 'weighted'). You may use labels=[pos_label] to specify a single positive class.
  warnings.warn(

2026-04-15 20:47:13,233:WARNING:/Users/yuandongran/Desktop/OIM3641_SP26_MyWork/.venv/lib/python3.11/site-packages/sklearn/metrics/_classification.py:1509: UndefinedMetricWarning: Precision is ill-defined and being set to 0.0 in labels with no predicted samples. Use `zero_division` parameter to control this behavior.
  _warn_prf(average, modifier, f"{metric.capitalize()} is", len(result))

2026-04-15 20:47:13,237:WARNING:/Users/yuandongran/Desktop/OIM3641_SP26_MyWork/.venv/lib/python3.11/site-packages/sklearn/metrics/_classification.py:1561: UserWarning: Note that pos_label (set to '>50K') is ignored when average != 'binary' (got 'weighted'). You may use labels=[pos_label] to specify a single positive class.
  warnings.warn(

2026-04-15 20:47:13,241:WARNING:/Users/yuandongran/Desktop/OIM3641_SP26_MyWork/.venv/lib/python3.11/site-packages/sklearn/metrics/_classification.py:1561: UserWarning: Note that pos_label (set to '>50K') is ignored when average != 'binary' (got 'weighted'). You may use labels=[pos_label] to specify a single positive class.
  warnings.warn(

2026-04-15 20:47:13,242:WARNING:/Users/yuandongran/Desktop/OIM3641_SP26_MyWork/.venv/lib/python3.11/site-packages/sklearn/metrics/_classification.py:1561: UserWarning: Note that pos_label (set to '>50K') is ignored when average != 'binary' (got 'weighted'). You may use labels=[pos_label] to specify a single positive class.
  warnings.warn(

2026-04-15 20:47:13,246:WARNING:/Users/yuandongran/Desktop/OIM3641_SP26_MyWork/.venv/lib/python3.11/site-packages/sklearn/metrics/_classification.py:1509: UndefinedMetricWarning: Precision is ill-defined and being set to 0.0 in labels with no predicted samples. Use `zero_division` parameter to control this behavior.
  _warn_prf(average, modifier, f"{metric.capitalize()} is", len(result))

2026-04-15 20:47:13,251:WARNING:/Users/yuandongran/Desktop/OIM3641_SP26_MyWork/.venv/lib/python3.11/site-packages/sklearn/metrics/_classification.py:1509: UndefinedMetricWarning: Precision is ill-defined and being set to 0.0 in labels with no predicted samples. Use `zero_division` parameter to control this behavior.
  _warn_prf(average, modifier, f"{metric.capitalize()} is", len(result))

2026-04-15 20:47:13,253:WARNING:/Users/yuandongran/Desktop/OIM3641_SP26_MyWork/.venv/lib/python3.11/site-packages/sklearn/metrics/_classification.py:1561: UserWarning: Note that pos_label (set to '>50K') is ignored when average != 'binary' (got 'weighted'). You may use labels=[pos_label] to specify a single positive class.
  warnings.warn(

2026-04-15 20:47:13,258:WARNING:/Users/yuandongran/Desktop/OIM3641_SP26_MyWork/.venv/lib/python3.11/site-packages/sklearn/metrics/_classification.py:1561: UserWarning: Note that pos_label (set to '>50K') is ignored when average != 'binary' (got 'weighted'). You may use labels=[pos_label] to specify a single positive class.
  warnings.warn(

2026-04-15 20:47:13,291:INFO:Calculating mean and std
2026-04-15 20:47:13,291:INFO:Creating metrics dataframe
2026-04-15 20:47:13,292:INFO:Uploading results into container
2026-04-15 20:47:13,292:INFO:Uploading model into container now
2026-04-15 20:47:13,292:INFO:_master_model_container: 14
2026-04-15 20:47:13,292:INFO:_display_container: 2
2026-04-15 20:47:13,292:INFO:DummyClassifier(constant=None, random_state=42, strategy='prior')
2026-04-15 20:47:13,292:INFO:create_model() successfully completed......................................
2026-04-15 20:47:13,335:INFO:SubProcess create_model() end ==================================
2026-04-15 20:47:13,335:INFO:Creating metrics dataframe
2026-04-15 20:47:13,337:WARNING:/Users/yuandongran/Desktop/OIM3641_SP26_MyWork/.venv/lib/python3.11/site-packages/pycaret/internal/pycaret_experiment/supervised_experiment.py:339: FutureWarning: Styler.applymap has been deprecated. Use Styler.map instead.
  .applymap(highlight_cols, subset=["TT (Sec)"])

2026-04-15 20:47:13,338:INFO:Initializing create_model()
2026-04-15 20:47:13,338:INFO:create_model(self=<pycaret.classification.oop.ClassificationExperiment object at 0x31c7efbd0>, estimator=LGBMClassifier(boosting_type='gbdt', class_weight=None, colsample_bytree=1.0,
               importance_type='split', learning_rate=0.1, max_depth=-1,
               min_child_samples=20, min_child_weight=0.001, min_split_gain=0.0,
               n_estimators=100, n_jobs=-1, num_leaves=31, objective=None,
               random_state=42, reg_alpha=0.0, reg_lambda=0.0, subsample=1.0,
               subsample_for_bin=200000, subsample_freq=0), fold=StratifiedKFold(n_splits=5, random_state=None, shuffle=False), round=4, cross_validation=False, predict=False, fit_kwargs={}, groups=None, refit=True, probability_threshold=None, experiment_custom_tags=None, verbose=False, system=False, add_to_model_list=True, metrics=None, display=None, model_only=True, return_train_score=False, error_score=0.0, kwargs={})
2026-04-15 20:47:13,338:INFO:Checking exceptions
2026-04-15 20:47:13,338:INFO:Importing libraries
2026-04-15 20:47:13,338:INFO:Copying training dataset
2026-04-15 20:47:13,342:INFO:Defining folds
2026-04-15 20:47:13,342:INFO:Declaring metric variables
2026-04-15 20:47:13,342:INFO:Importing untrained model
2026-04-15 20:47:13,342:INFO:Declaring custom model
2026-04-15 20:47:13,342:INFO:Light Gradient Boosting Machine Imported successfully
2026-04-15 20:47:13,343:INFO:Cross validation set to False
2026-04-15 20:47:13,343:INFO:Fitting Model
2026-04-15 20:47:13,593:INFO:[LightGBM] [Info] Number of positive: 6273, number of negative: 19775
2026-04-15 20:47:13,601:INFO:[LightGBM] [Info] Auto-choosing row-wise multi-threading, the overhead of testing was 0.003865 seconds.
2026-04-15 20:47:13,601:INFO:You can set `force_row_wise=true` to remove the overhead.
2026-04-15 20:47:13,601:INFO:And if memory is not enough, you can set `force_col_wise=true`.
2026-04-15 20:47:13,601:INFO:[LightGBM] [Info] Total Bins 783
2026-04-15 20:47:13,601:INFO:[LightGBM] [Info] Number of data points in the train set: 26048, number of used features: 60
2026-04-15 20:47:13,601:INFO:[LightGBM] [Info] [binary:BoostFromScore]: pavg=0.240825 -> initscore=-1.148164
2026-04-15 20:47:13,602:INFO:[LightGBM] [Info] Start training from score -1.148164
2026-04-15 20:47:14,136:INFO:LGBMClassifier(boosting_type='gbdt', class_weight=None, colsample_bytree=1.0,
               importance_type='split', learning_rate=0.1, max_depth=-1,
               min_child_samples=20, min_child_weight=0.001, min_split_gain=0.0,
               n_estimators=100, n_jobs=-1, num_leaves=31, objective=None,
               random_state=42, reg_alpha=0.0, reg_lambda=0.0, subsample=1.0,
               subsample_for_bin=200000, subsample_freq=0)
2026-04-15 20:47:14,136:INFO:create_model() successfully completed......................................
2026-04-15 20:47:14,175:INFO:Initializing create_model()
2026-04-15 20:47:14,175:INFO:create_model(self=<pycaret.classification.oop.ClassificationExperiment object at 0x31c7efbd0>, estimator=GradientBoostingClassifier(ccp_alpha=0.0, criterion='friedman_mse', init=None,
                           learning_rate=0.1, loss='log_loss', max_depth=3,
                           max_features=None, max_leaf_nodes=None,
                           min_impurity_decrease=0.0, min_samples_leaf=1,
                           min_samples_split=2, min_weight_fraction_leaf=0.0,
                           n_estimators=100, n_iter_no_change=None,
                           random_state=42, subsample=1.0, tol=0.0001,
                           validation_fraction=0.1, verbose=0,
                           warm_start=False), fold=StratifiedKFold(n_splits=5, random_state=None, shuffle=False), round=4, cross_validation=False, predict=False, fit_kwargs={}, groups=None, refit=True, probability_threshold=None, experiment_custom_tags=None, verbose=False, system=False, add_to_model_list=True, metrics=None, display=None, model_only=True, return_train_score=False, error_score=0.0, kwargs={})
2026-04-15 20:47:14,175:INFO:Checking exceptions
2026-04-15 20:47:14,175:INFO:Importing libraries
2026-04-15 20:47:14,175:INFO:Copying training dataset
2026-04-15 20:47:14,180:INFO:Defining folds
2026-04-15 20:47:14,180:INFO:Declaring metric variables
2026-04-15 20:47:14,180:INFO:Importing untrained model
2026-04-15 20:47:14,180:INFO:Declaring custom model
2026-04-15 20:47:14,180:INFO:Gradient Boosting Classifier Imported successfully
2026-04-15 20:47:14,181:INFO:Cross validation set to False
2026-04-15 20:47:14,181:INFO:Fitting Model
2026-04-15 20:47:16,930:INFO:GradientBoostingClassifier(ccp_alpha=0.0, criterion='friedman_mse', init=None,
                           learning_rate=0.1, loss='log_loss', max_depth=3,
                           max_features=None, max_leaf_nodes=None,
                           min_impurity_decrease=0.0, min_samples_leaf=1,
                           min_samples_split=2, min_weight_fraction_leaf=0.0,
                           n_estimators=100, n_iter_no_change=None,
                           random_state=42, subsample=1.0, tol=0.0001,
                           validation_fraction=0.1, verbose=0,
                           warm_start=False)
2026-04-15 20:47:16,931:INFO:create_model() successfully completed......................................
2026-04-15 20:47:17,015:INFO:Initializing create_model()
2026-04-15 20:47:17,015:INFO:create_model(self=<pycaret.classification.oop.ClassificationExperiment object at 0x31c7efbd0>, estimator=AdaBoostClassifier(algorithm='SAMME.R', estimator=None, learning_rate=1.0,
                   n_estimators=50, random_state=42), fold=StratifiedKFold(n_splits=5, random_state=None, shuffle=False), round=4, cross_validation=False, predict=False, fit_kwargs={}, groups=None, refit=True, probability_threshold=None, experiment_custom_tags=None, verbose=False, system=False, add_to_model_list=True, metrics=None, display=None, model_only=True, return_train_score=False, error_score=0.0, kwargs={})
2026-04-15 20:47:17,015:INFO:Checking exceptions
2026-04-15 20:47:17,015:INFO:Importing libraries
2026-04-15 20:47:17,015:INFO:Copying training dataset
2026-04-15 20:47:17,021:INFO:Defining folds
2026-04-15 20:47:17,021:INFO:Declaring metric variables
2026-04-15 20:47:17,021:INFO:Importing untrained model
2026-04-15 20:47:17,021:INFO:Declaring custom model
2026-04-15 20:47:17,021:INFO:Ada Boost Classifier Imported successfully
2026-04-15 20:47:17,022:INFO:Cross validation set to False
2026-04-15 20:47:17,023:INFO:Fitting Model
2026-04-15 20:47:17,223:WARNING:/Users/yuandongran/Desktop/OIM3641_SP26_MyWork/.venv/lib/python3.11/site-packages/sklearn/ensemble/_weight_boosting.py:519: FutureWarning: The SAMME.R algorithm (the default) is deprecated and will be removed in 1.6. Use the SAMME algorithm to circumvent this warning.
  warnings.warn(

2026-04-15 20:47:17,835:INFO:AdaBoostClassifier(algorithm='SAMME.R', estimator=None, learning_rate=1.0,
                   n_estimators=50, random_state=42)
2026-04-15 20:47:17,835:INFO:create_model() successfully completed......................................
2026-04-15 20:47:17,876:INFO:_master_model_container: 14
2026-04-15 20:47:17,876:INFO:_display_container: 2
2026-04-15 20:47:17,876:INFO:[LGBMClassifier(boosting_type='gbdt', class_weight=None, colsample_bytree=1.0,
               importance_type='split', learning_rate=0.1, max_depth=-1,
               min_child_samples=20, min_child_weight=0.001, min_split_gain=0.0,
               n_estimators=100, n_jobs=-1, num_leaves=31, objective=None,
               random_state=42, reg_alpha=0.0, reg_lambda=0.0, subsample=1.0,
               subsample_for_bin=200000, subsample_freq=0), GradientBoostingClassifier(ccp_alpha=0.0, criterion='friedman_mse', init=None,
                           learning_rate=0.1, loss='log_loss', max_depth=3,
                           max_features=None, max_leaf_nodes=None,
                           min_impurity_decrease=0.0, min_samples_leaf=1,
                           min_samples_split=2, min_weight_fraction_leaf=0.0,
                           n_estimators=100, n_iter_no_change=None,
                           random_state=42, subsample=1.0, tol=0.0001,
                           validation_fraction=0.1, verbose=0,
                           warm_start=False), AdaBoostClassifier(algorithm='SAMME.R', estimator=None, learning_rate=1.0,
                   n_estimators=50, random_state=42)]
2026-04-15 20:47:17,876:INFO:compare_models() successfully completed......................................
2026-04-15 20:47:17,877:INFO:Initializing plot_model()
2026-04-15 20:47:17,877:INFO:plot_model(self=<pycaret.classification.oop.ClassificationExperiment object at 0x31c7efbd0>, estimator=LGBMClassifier(boosting_type='gbdt', class_weight=None, colsample_bytree=1.0,
               importance_type='split', learning_rate=0.1, max_depth=-1,
               min_child_samples=20, min_child_weight=0.001, min_split_gain=0.0,
               n_estimators=100, n_jobs=-1, num_leaves=31, objective=None,
               random_state=42, reg_alpha=0.0, reg_lambda=0.0, subsample=1.0,
               subsample_for_bin=200000, subsample_freq=0), plot=confusion_matrix, scale=1, save=True, fold=None, fit_kwargs=None, plot_kwargs=None, groups=None, feature_name=None, label=False, verbose=True, system=True, display=None, display_format=None)
2026-04-15 20:47:17,877:INFO:Checking exceptions
2026-04-15 20:47:17,879:INFO:Preloading libraries
2026-04-15 20:47:17,880:INFO:Copying training dataset
2026-04-15 20:47:17,880:INFO:Plot type: confusion_matrix
2026-04-15 20:47:18,546:INFO:Fitting Model
2026-04-15 20:47:18,548:INFO:Scoring test/hold-out set
2026-04-15 20:47:18,569:INFO:Saving 'Confusion Matrix.png'
2026-04-15 20:47:18,866:INFO:Visual Rendered Successfully
2026-04-15 20:47:18,911:INFO:plot_model() successfully completed......................................
2026-04-15 20:47:18,917:INFO:Initializing save_model()
2026-04-15 20:47:18,917:INFO:save_model(model=LGBMClassifier(boosting_type='gbdt', class_weight=None, colsample_bytree=1.0,
               importance_type='split', learning_rate=0.1, max_depth=-1,
               min_child_samples=20, min_child_weight=0.001, min_split_gain=0.0,
               n_estimators=100, n_jobs=-1, num_leaves=31, objective=None,
               random_state=42, reg_alpha=0.0, reg_lambda=0.0, subsample=1.0,
               subsample_for_bin=200000, subsample_freq=0), model_name=best_pipeline, prep_pipe_=Pipeline(memory=FastMemory(location=/var/folders/kn/vtn_q33s71b2kn1r7vbsyklm0000gn/T/joblib),
         steps=[('label_encoding',
                 TransformerWrapperWithInverse(exclude=None, include=None,
                                               transformer=LabelEncoder())),
                ('numerical_imputer',
                 TransformerWrapper(exclude=None,
                                    include=['age', 'fnlwgt', 'education_num',
                                             'capital_gain', 'capital_loss',
                                             'hours_per_week'],
                                    transf...
                 TransformerWrapper(exclude=None, include=['native_country'],
                                    transformer=TargetEncoder(cols=['native_country'],
                                                              drop_invariant=False,
                                                              handle_missing='return_nan',
                                                              handle_unknown='value',
                                                              hierarchy=None,
                                                              min_samples_leaf=20,
                                                              return_df=True,
                                                              smoothing=10,
                                                              verbose=0))),
                ('normalize',
                 TransformerWrapper(exclude=None, include=None,
                                    transformer=StandardScaler(copy=True,
                                                               with_mean=True,
                                                               with_std=True)))],
         verbose=False), verbose=True, use_case=MLUsecase.CLASSIFICATION, kwargs={})
2026-04-15 20:47:18,917:INFO:Adding model into prep_pipe
2026-04-15 20:47:18,922:INFO:best_pipeline.pkl saved in current working directory
2026-04-15 20:47:18,928:INFO:Pipeline(memory=Memory(location=None),
         steps=[('label_encoding',
                 TransformerWrapperWithInverse(exclude=None, include=None,
                                               transformer=LabelEncoder())),
                ('numerical_imputer',
                 TransformerWrapper(exclude=None,
                                    include=['age', 'fnlwgt', 'education_num',
                                             'capital_gain', 'capital_loss',
                                             'hours_per_week'],
                                    transformer=SimpleImputer(add_indicator=False,
                                                              copy=True,
                                                              fill_...
                 LGBMClassifier(boosting_type='gbdt', class_weight=None,
                                colsample_bytree=1.0, importance_type='split',
                                learning_rate=0.1, max_depth=-1,
                                min_child_samples=20, min_child_weight=0.001,
                                min_split_gain=0.0, n_estimators=100, n_jobs=-1,
                                num_leaves=31, objective=None, random_state=42,
                                reg_alpha=0.0, reg_lambda=0.0, subsample=1.0,
                                subsample_for_bin=200000, subsample_freq=0))],
         verbose=False)
2026-04-15 20:47:18,929:INFO:save_model() successfully completed......................................
2026-04-15 20:49:35,056:WARNING:
'cuml' is a soft dependency and not included in the pycaret installation. Please run: `pip install cuml` to install.
2026-04-15 20:49:35,057:WARNING:
'cuml' is a soft dependency and not included in the pycaret installation. Please run: `pip install cuml` to install.
2026-04-15 20:49:35,057:WARNING:
'cuml' is a soft dependency and not included in the pycaret installation. Please run: `pip install cuml` to install.
2026-04-15 20:49:35,057:WARNING:
'cuml' is a soft dependency and not included in the pycaret installation. Please run: `pip install cuml` to install.
2026-04-15 20:49:35,649:INFO:PyCaret ClassificationExperiment
2026-04-15 20:49:35,649:INFO:Logging name: clf-default-name
2026-04-15 20:49:35,649:INFO:ML Usecase: MLUsecase.CLASSIFICATION
2026-04-15 20:49:35,649:INFO:version 3.3.2
2026-04-15 20:49:35,649:INFO:Initializing setup()
2026-04-15 20:49:35,649:INFO:self.USI: b1c8
2026-04-15 20:49:35,649:INFO:self._variable_keys: {'exp_id', 'exp_name_log', '_ml_usecase', 'data', 'memory', 'is_multiclass', 'X_test', 'X_train', 'gpu_param', 'pipeline', 'html_param', 'gpu_n_jobs_param', 'log_plots_param', 'seed', 'X', 'y_train', '_available_plots', 'fold_shuffle_param', 'target_param', 'y_test', 'y', 'logging_param', 'idx', 'n_jobs_param', 'fix_imbalance', 'fold_groups_param', 'USI', 'fold_generator'}
2026-04-15 20:49:35,649:INFO:Checking environment
2026-04-15 20:49:35,649:INFO:python_version: 3.11.9
2026-04-15 20:49:35,649:INFO:python_build: ('v3.11.9:de54cf5be3', 'Apr  2 2024 07:12:50')
2026-04-15 20:49:35,649:INFO:machine: arm64
2026-04-15 20:49:35,666:INFO:platform: macOS-15.5-arm64-arm-64bit
2026-04-15 20:49:35,666:INFO:Memory: svmem(total=19327352832, available=4394926080, percent=77.3, used=8282226688, free=63438848, active=4345167872, inactive=4200513536, wired=3937058816)
2026-04-15 20:49:35,666:INFO:Physical Core: 12
2026-04-15 20:49:35,666:INFO:Logical Core: 12
2026-04-15 20:49:35,666:INFO:Checking libraries
2026-04-15 20:49:35,666:INFO:System:
2026-04-15 20:49:35,666:INFO:    python: 3.11.9 (v3.11.9:de54cf5be3, Apr  2 2024, 07:12:50) [Clang 13.0.0 (clang-1300.0.29.30)]
2026-04-15 20:49:35,666:INFO:executable: /Users/yuandongran/Desktop/OIM3641_SP26_MyWork/.venv/bin/python
2026-04-15 20:49:35,666:INFO:   machine: macOS-15.5-arm64-arm-64bit
2026-04-15 20:49:35,666:INFO:PyCaret required dependencies:
2026-04-15 20:49:35,667:INFO:                 pip: 25.1.1
2026-04-15 20:49:35,667:INFO:          setuptools: 80.3.1
2026-04-15 20:49:35,667:INFO:             pycaret: 3.3.2
2026-04-15 20:49:35,667:INFO:             IPython: 9.10.1
2026-04-15 20:49:35,667:INFO:          ipywidgets: 8.1.8
2026-04-15 20:49:35,667:INFO:                tqdm: 4.67.3
2026-04-15 20:49:35,667:INFO:               numpy: 1.26.4
2026-04-15 20:49:35,667:INFO:              pandas: 2.1.4
2026-04-15 20:49:35,667:INFO:              jinja2: 3.1.6
2026-04-15 20:49:35,667:INFO:               scipy: 1.11.4
2026-04-15 20:49:35,667:INFO:              joblib: 1.3.2
2026-04-15 20:49:35,667:INFO:             sklearn: 1.4.2
2026-04-15 20:49:35,667:INFO:                pyod: 3.2.0
2026-04-15 20:49:35,667:INFO:            imblearn: 0.14.1
2026-04-15 20:49:35,667:INFO:   category_encoders: 2.7.0
2026-04-15 20:49:35,667:INFO:            lightgbm: 4.6.0
2026-04-15 20:49:35,667:INFO:               numba: 0.65.0
2026-04-15 20:49:35,667:INFO:            requests: 2.33.1
2026-04-15 20:49:35,667:INFO:          matplotlib: 3.7.5
2026-04-15 20:49:35,667:INFO:          scikitplot: 0.3.7
2026-04-15 20:49:35,667:INFO:         yellowbrick: 1.5
2026-04-15 20:49:35,667:INFO:              plotly: 6.7.0
2026-04-15 20:49:35,667:INFO:    plotly-resampler: Not installed
2026-04-15 20:49:35,667:INFO:             kaleido: 1.2.0
2026-04-15 20:49:35,667:INFO:           schemdraw: 0.15
2026-04-15 20:49:35,667:INFO:         statsmodels: 0.14.6
2026-04-15 20:49:35,667:INFO:              sktime: 0.26.0
2026-04-15 20:49:35,667:INFO:               tbats: 1.1.3
2026-04-15 20:49:35,667:INFO:            pmdarima: 2.0.4
2026-04-15 20:49:35,667:INFO:              psutil: 7.2.2
2026-04-15 20:49:35,667:INFO:          markupsafe: 3.0.3
2026-04-15 20:49:35,667:INFO:             pickle5: Not installed
2026-04-15 20:49:35,667:INFO:         cloudpickle: 3.1.2
2026-04-15 20:49:35,667:INFO:         deprecation: 2.1.0
2026-04-15 20:49:35,667:INFO:              xxhash: 3.6.0
2026-04-15 20:49:35,667:INFO:           wurlitzer: 3.1.1
2026-04-15 20:49:35,667:INFO:PyCaret optional dependencies:
2026-04-15 20:49:35,910:INFO:                shap: Not installed
2026-04-15 20:49:35,911:INFO:           interpret: Not installed
2026-04-15 20:49:35,911:INFO:                umap: Not installed
2026-04-15 20:49:35,911:INFO:     ydata_profiling: Not installed
2026-04-15 20:49:35,911:INFO:  explainerdashboard: Not installed
2026-04-15 20:49:35,911:INFO:             autoviz: Not installed
2026-04-15 20:49:35,911:INFO:           fairlearn: Not installed
2026-04-15 20:49:35,911:INFO:          deepchecks: Not installed
2026-04-15 20:49:35,911:INFO:             xgboost: Not installed
2026-04-15 20:49:35,911:INFO:            catboost: Not installed
2026-04-15 20:49:35,911:INFO:              kmodes: Not installed
2026-04-15 20:49:35,911:INFO:             mlxtend: Not installed
2026-04-15 20:49:35,911:INFO:       statsforecast: Not installed
2026-04-15 20:49:35,911:INFO:        tune_sklearn: Not installed
2026-04-15 20:49:35,911:INFO:                 ray: Not installed
2026-04-15 20:49:35,911:INFO:            hyperopt: Not installed
2026-04-15 20:49:35,911:INFO:              optuna: Not installed
2026-04-15 20:49:35,911:INFO:               skopt: Not installed
2026-04-15 20:49:35,911:INFO:              mlflow: Not installed
2026-04-15 20:49:35,911:INFO:              gradio: Not installed
2026-04-15 20:49:35,911:INFO:             fastapi: 0.135.3
2026-04-15 20:49:35,911:INFO:             uvicorn: 0.44.0
2026-04-15 20:49:35,911:INFO:              m2cgen: Not installed
2026-04-15 20:49:35,911:INFO:           evidently: Not installed
2026-04-15 20:49:35,911:INFO:               fugue: Not installed
2026-04-15 20:49:35,911:INFO:           streamlit: Not installed
2026-04-15 20:49:35,911:INFO:             prophet: Not installed
2026-04-15 20:49:35,911:INFO:None
2026-04-15 20:49:35,911:INFO:Set up data.
2026-04-15 20:49:35,929:INFO:Set up folding strategy.
2026-04-15 20:49:35,929:INFO:Set up train/test split.
2026-04-15 20:49:35,948:INFO:Set up index.
2026-04-15 20:49:35,948:INFO:Assigning column types.
2026-04-15 20:49:35,950:INFO:Engine successfully changes for model 'lr' to 'sklearn'.
2026-04-15 20:49:35,965:INFO:Engine for model 'knn' has not been set explicitly, hence returning None.
2026-04-15 20:49:35,967:INFO:Engine for model 'rbfsvm' has not been set explicitly, hence returning None.
2026-04-15 20:49:35,979:WARNING:
'xgboost' is a soft dependency and not included in the pycaret installation. Please run: `pip install xgboost` to install.
Alternately, you can install this by running `pip install pycaret[models]`
2026-04-15 20:49:35,979:WARNING:
'catboost' is a soft dependency and not included in the pycaret installation. Please run: `pip install catboost` to install.
Alternately, you can install this by running `pip install pycaret[models]`
2026-04-15 20:49:35,995:INFO:Engine for model 'knn' has not been set explicitly, hence returning None.
2026-04-15 20:49:35,995:INFO:Engine for model 'rbfsvm' has not been set explicitly, hence returning None.
2026-04-15 20:49:36,005:WARNING:
'xgboost' is a soft dependency and not included in the pycaret installation. Please run: `pip install xgboost` to install.
Alternately, you can install this by running `pip install pycaret[models]`
2026-04-15 20:49:36,005:WARNING:
'catboost' is a soft dependency and not included in the pycaret installation. Please run: `pip install catboost` to install.
Alternately, you can install this by running `pip install pycaret[models]`
2026-04-15 20:49:36,005:INFO:Engine successfully changes for model 'knn' to 'sklearn'.
2026-04-15 20:49:36,021:INFO:Engine for model 'rbfsvm' has not been set explicitly, hence returning None.
2026-04-15 20:49:36,030:WARNING:
'xgboost' is a soft dependency and not included in the pycaret installation. Please run: `pip install xgboost` to install.
Alternately, you can install this by running `pip install pycaret[models]`
2026-04-15 20:49:36,030:WARNING:
'catboost' is a soft dependency and not included in the pycaret installation. Please run: `pip install catboost` to install.
Alternately, you can install this by running `pip install pycaret[models]`
2026-04-15 20:49:36,046:INFO:Engine for model 'rbfsvm' has not been set explicitly, hence returning None.
2026-04-15 20:49:36,055:WARNING:
'xgboost' is a soft dependency and not included in the pycaret installation. Please run: `pip install xgboost` to install.
Alternately, you can install this by running `pip install pycaret[models]`
2026-04-15 20:49:36,055:WARNING:
'catboost' is a soft dependency and not included in the pycaret installation. Please run: `pip install catboost` to install.
Alternately, you can install this by running `pip install pycaret[models]`
2026-04-15 20:49:36,056:INFO:Engine successfully changes for model 'rbfsvm' to 'sklearn'.
2026-04-15 20:49:36,080:WARNING:
'xgboost' is a soft dependency and not included in the pycaret installation. Please run: `pip install xgboost` to install.
Alternately, you can install this by running `pip install pycaret[models]`
2026-04-15 20:49:36,081:WARNING:
'catboost' is a soft dependency and not included in the pycaret installation. Please run: `pip install catboost` to install.
Alternately, you can install this by running `pip install pycaret[models]`
2026-04-15 20:49:36,105:WARNING:
'xgboost' is a soft dependency and not included in the pycaret installation. Please run: `pip install xgboost` to install.
Alternately, you can install this by running `pip install pycaret[models]`
2026-04-15 20:49:36,105:WARNING:
'catboost' is a soft dependency and not included in the pycaret installation. Please run: `pip install catboost` to install.
Alternately, you can install this by running `pip install pycaret[models]`
2026-04-15 20:49:36,106:INFO:Preparing preprocessing pipeline...
2026-04-15 20:49:36,107:INFO:Set up label encoding.
2026-04-15 20:49:36,107:INFO:Set up simple imputation.
2026-04-15 20:49:36,110:INFO:Set up encoding of ordinal features.
2026-04-15 20:49:36,111:INFO:Set up encoding of categorical features.
2026-04-15 20:49:36,111:INFO:Set up feature normalization.
2026-04-15 20:49:36,320:INFO:Finished creating preprocessing pipeline.
2026-04-15 20:49:36,325:INFO:Pipeline: Pipeline(memory=FastMemory(location=/var/folders/kn/vtn_q33s71b2kn1r7vbsyklm0000gn/T/joblib),
         steps=[('label_encoding',
                 TransformerWrapperWithInverse(exclude=None, include=None,
                                               transformer=LabelEncoder())),
                ('numerical_imputer',
                 TransformerWrapper(exclude=None,
                                    include=['age', 'fnlwgt', 'education_num',
                                             'capital_gain', 'capital_loss',
                                             'hours_per_week'],
                                    transf...
                 TransformerWrapper(exclude=None, include=['native_country'],
                                    transformer=TargetEncoder(cols=['native_country'],
                                                              drop_invariant=False,
                                                              handle_missing='return_nan',
                                                              handle_unknown='value',
                                                              hierarchy=None,
                                                              min_samples_leaf=20,
                                                              return_df=True,
                                                              smoothing=10,
                                                              verbose=0))),
                ('normalize',
                 TransformerWrapper(exclude=None, include=None,
                                    transformer=StandardScaler(copy=True,
                                                               with_mean=True,
                                                               with_std=True)))],
         verbose=False)
2026-04-15 20:49:36,325:INFO:Creating final display dataframe.
2026-04-15 20:49:36,464:INFO:Setup _display_container:                     Description              Value
0                    Session id                 42
1                        Target             income
2                   Target type             Binary
3                Target mapping  <=50K: 0, >50K: 1
4           Original data shape        (32561, 15)
5        Transformed data shape        (32561, 65)
6   Transformed train set shape        (26048, 65)
7    Transformed test set shape         (6513, 65)
8              Numeric features                  6
9          Categorical features                  8
10     Rows with missing values               7.4%
11                   Preprocess               True
12              Imputation type             simple
13           Numeric imputation               mean
14       Categorical imputation               mode
15     Maximum one-hot encoding                 25
16              Encoding method               None
17                    Normalize               True
18             Normalize method             zscore
19               Fold Generator    StratifiedKFold
20                  Fold Number                  5
21                     CPU Jobs                 -1
22                      Use GPU              False
23               Log Experiment              False
24              Experiment Name   clf-default-name
25                          USI               b1c8
2026-04-15 20:49:36,489:WARNING:
'xgboost' is a soft dependency and not included in the pycaret installation. Please run: `pip install xgboost` to install.
Alternately, you can install this by running `pip install pycaret[models]`
2026-04-15 20:49:36,490:WARNING:
'catboost' is a soft dependency and not included in the pycaret installation. Please run: `pip install catboost` to install.
Alternately, you can install this by running `pip install pycaret[models]`
2026-04-15 20:49:36,515:WARNING:
'xgboost' is a soft dependency and not included in the pycaret installation. Please run: `pip install xgboost` to install.
Alternately, you can install this by running `pip install pycaret[models]`
2026-04-15 20:49:36,515:WARNING:
'catboost' is a soft dependency and not included in the pycaret installation. Please run: `pip install catboost` to install.
Alternately, you can install this by running `pip install pycaret[models]`
2026-04-15 20:49:36,516:INFO:setup() successfully completed in 0.87s...............
2026-04-15 20:49:36,516:INFO:Initializing compare_models()
2026-04-15 20:49:36,516:INFO:compare_models(self=<pycaret.classification.oop.ClassificationExperiment object at 0x177a8fd90>, include=None, exclude=None, fold=None, round=4, cross_validation=True, sort=Accuracy, n_select=3, budget_time=None, turbo=True, errors=ignore, fit_kwargs=None, groups=None, experiment_custom_tags=None, probability_threshold=None, verbose=True, parallel=None, caller_params={'self': <pycaret.classification.oop.ClassificationExperiment object at 0x177a8fd90>, 'include': None, 'exclude': None, 'fold': None, 'round': 4, 'cross_validation': True, 'sort': 'Accuracy', 'n_select': 3, 'budget_time': None, 'turbo': True, 'errors': 'ignore', 'fit_kwargs': None, 'groups': None, 'experiment_custom_tags': None, 'probability_threshold': None, 'engine': None, 'verbose': True, 'parallel': None, '__class__': <class 'pycaret.classification.oop.ClassificationExperiment'>})
2026-04-15 20:49:36,516:INFO:Checking exceptions
2026-04-15 20:49:36,518:INFO:Preparing display monitor
2026-04-15 20:49:36,536:INFO:Initializing Logistic Regression
2026-04-15 20:49:36,536:INFO:Total runtime is 2.0702679951985678e-06 minutes
2026-04-15 20:49:36,536:INFO:SubProcess create_model() called ==================================
2026-04-15 20:49:36,536:INFO:Initializing create_model()
2026-04-15 20:49:36,536:INFO:create_model(self=<pycaret.classification.oop.ClassificationExperiment object at 0x177a8fd90>, estimator=lr, fold=StratifiedKFold(n_splits=5, random_state=None, shuffle=False), round=4, cross_validation=True, predict=True, fit_kwargs={}, groups=None, refit=False, probability_threshold=None, experiment_custom_tags=None, verbose=False, system=False, add_to_model_list=True, metrics=None, display=<pycaret.internal.display.display.CommonDisplay object at 0x177a8c990>, model_only=True, return_train_score=False, error_score=0.0, kwargs={})
2026-04-15 20:49:36,536:INFO:Checking exceptions
2026-04-15 20:49:36,536:INFO:Importing libraries
2026-04-15 20:49:36,536:INFO:Copying training dataset
2026-04-15 20:49:36,541:INFO:Defining folds
2026-04-15 20:49:36,541:INFO:Declaring metric variables
2026-04-15 20:49:36,541:INFO:Importing untrained model
2026-04-15 20:49:36,541:INFO:Logistic Regression Imported successfully
2026-04-15 20:49:36,541:INFO:Starting cross validation
2026-04-15 20:49:36,543:INFO:Cross validating with StratifiedKFold(n_splits=5, random_state=None, shuffle=False), n_jobs=-1
2026-04-15 20:49:38,342:WARNING:/Users/yuandongran/Desktop/OIM3641_SP26_MyWork/.venv/lib/python3.11/site-packages/sklearn/metrics/_classification.py:1561: UserWarning: Note that pos_label (set to '>50K') is ignored when average != 'binary' (got 'weighted'). You may use labels=[pos_label] to specify a single positive class.
  warnings.warn(

2026-04-15 20:49:38,342:WARNING:/Users/yuandongran/Desktop/OIM3641_SP26_MyWork/.venv/lib/python3.11/site-packages/sklearn/metrics/_classification.py:1561: UserWarning: Note that pos_label (set to '>50K') is ignored when average != 'binary' (got 'weighted'). You may use labels=[pos_label] to specify a single positive class.
  warnings.warn(

2026-04-15 20:49:38,344:WARNING:/Users/yuandongran/Desktop/OIM3641_SP26_MyWork/.venv/lib/python3.11/site-packages/sklearn/metrics/_classification.py:1561: UserWarning: Note that pos_label (set to '>50K') is ignored when average != 'binary' (got 'weighted'). You may use labels=[pos_label] to specify a single positive class.
  warnings.warn(

2026-04-15 20:49:38,349:WARNING:/Users/yuandongran/Desktop/OIM3641_SP26_MyWork/.venv/lib/python3.11/site-packages/sklearn/metrics/_classification.py:1561: UserWarning: Note that pos_label (set to '>50K') is ignored when average != 'binary' (got 'weighted'). You may use labels=[pos_label] to specify a single positive class.
  warnings.warn(

2026-04-15 20:49:38,349:WARNING:/Users/yuandongran/Desktop/OIM3641_SP26_MyWork/.venv/lib/python3.11/site-packages/sklearn/metrics/_classification.py:1561: UserWarning: Note that pos_label (set to '>50K') is ignored when average != 'binary' (got 'weighted'). You may use labels=[pos_label] to specify a single positive class.
  warnings.warn(

2026-04-15 20:49:38,358:WARNING:/Users/yuandongran/Desktop/OIM3641_SP26_MyWork/.venv/lib/python3.11/site-packages/sklearn/metrics/_classification.py:1561: UserWarning: Note that pos_label (set to '>50K') is ignored when average != 'binary' (got 'weighted'). You may use labels=[pos_label] to specify a single positive class.
  warnings.warn(

2026-04-15 20:49:38,359:WARNING:/Users/yuandongran/Desktop/OIM3641_SP26_MyWork/.venv/lib/python3.11/site-packages/sklearn/metrics/_classification.py:1561: UserWarning: Note that pos_label (set to '>50K') is ignored when average != 'binary' (got 'weighted'). You may use labels=[pos_label] to specify a single positive class.
  warnings.warn(

2026-04-15 20:49:38,361:WARNING:/Users/yuandongran/Desktop/OIM3641_SP26_MyWork/.venv/lib/python3.11/site-packages/sklearn/metrics/_classification.py:1561: UserWarning: Note that pos_label (set to '>50K') is ignored when average != 'binary' (got 'weighted'). You may use labels=[pos_label] to specify a single positive class.
  warnings.warn(

2026-04-15 20:49:38,364:WARNING:/Users/yuandongran/Desktop/OIM3641_SP26_MyWork/.venv/lib/python3.11/site-packages/sklearn/metrics/_classification.py:1561: UserWarning: Note that pos_label (set to '>50K') is ignored when average != 'binary' (got 'weighted'). You may use labels=[pos_label] to specify a single positive class.
  warnings.warn(

2026-04-15 20:49:38,364:WARNING:/Users/yuandongran/Desktop/OIM3641_SP26_MyWork/.venv/lib/python3.11/site-packages/sklearn/metrics/_classification.py:1561: UserWarning: Note that pos_label (set to '>50K') is ignored when average != 'binary' (got 'weighted'). You may use labels=[pos_label] to specify a single positive class.
  warnings.warn(

2026-04-15 20:49:38,373:WARNING:/Users/yuandongran/Desktop/OIM3641_SP26_MyWork/.venv/lib/python3.11/site-packages/sklearn/metrics/_classification.py:1561: UserWarning: Note that pos_label (set to '>50K') is ignored when average != 'binary' (got 'weighted'). You may use labels=[pos_label] to specify a single positive class.
  warnings.warn(

2026-04-15 20:49:38,376:WARNING:/Users/yuandongran/Desktop/OIM3641_SP26_MyWork/.venv/lib/python3.11/site-packages/sklearn/metrics/_classification.py:1561: UserWarning: Note that pos_label (set to '>50K') is ignored when average != 'binary' (got 'weighted'). You may use labels=[pos_label] to specify a single positive class.
  warnings.warn(

2026-04-15 20:49:38,377:WARNING:/Users/yuandongran/Desktop/OIM3641_SP26_MyWork/.venv/lib/python3.11/site-packages/sklearn/metrics/_classification.py:1561: UserWarning: Note that pos_label (set to '>50K') is ignored when average != 'binary' (got 'weighted'). You may use labels=[pos_label] to specify a single positive class.
  warnings.warn(

2026-04-15 20:49:38,379:WARNING:/Users/yuandongran/Desktop/OIM3641_SP26_MyWork/.venv/lib/python3.11/site-packages/sklearn/metrics/_classification.py:1561: UserWarning: Note that pos_label (set to '>50K') is ignored when average != 'binary' (got 'weighted'). You may use labels=[pos_label] to specify a single positive class.
  warnings.warn(

2026-04-15 20:49:38,379:WARNING:/Users/yuandongran/Desktop/OIM3641_SP26_MyWork/.venv/lib/python3.11/site-packages/sklearn/metrics/_classification.py:1561: UserWarning: Note that pos_label (set to '>50K') is ignored when average != 'binary' (got 'weighted'). You may use labels=[pos_label] to specify a single positive class.
  warnings.warn(

2026-04-15 20:49:38,409:INFO:Calculating mean and std
2026-04-15 20:49:38,409:INFO:Creating metrics dataframe
2026-04-15 20:49:38,411:INFO:Uploading results into container
2026-04-15 20:49:38,412:INFO:Uploading model into container now
2026-04-15 20:49:38,412:INFO:_master_model_container: 1
2026-04-15 20:49:38,412:INFO:_display_container: 2
2026-04-15 20:49:38,412:INFO:LogisticRegression(C=1.0, class_weight=None, dual=False, fit_intercept=True,
                   intercept_scaling=1, l1_ratio=None, max_iter=1000,
                   multi_class='auto', n_jobs=None, penalty='l2',
                   random_state=42, solver='lbfgs', tol=0.0001, verbose=0,
                   warm_start=False)
2026-04-15 20:49:38,412:INFO:create_model() successfully completed......................................
2026-04-15 20:49:38,468:INFO:SubProcess create_model() end ==================================
2026-04-15 20:49:38,468:INFO:Creating metrics dataframe
2026-04-15 20:49:38,469:INFO:Initializing K Neighbors Classifier
2026-04-15 20:49:38,469:INFO:Total runtime is 0.03221575021743774 minutes
2026-04-15 20:49:38,469:INFO:SubProcess create_model() called ==================================
2026-04-15 20:49:38,469:INFO:Initializing create_model()
2026-04-15 20:49:38,469:INFO:create_model(self=<pycaret.classification.oop.ClassificationExperiment object at 0x177a8fd90>, estimator=knn, fold=StratifiedKFold(n_splits=5, random_state=None, shuffle=False), round=4, cross_validation=True, predict=True, fit_kwargs={}, groups=None, refit=False, probability_threshold=None, experiment_custom_tags=None, verbose=False, system=False, add_to_model_list=True, metrics=None, display=<pycaret.internal.display.display.CommonDisplay object at 0x177a8c990>, model_only=True, return_train_score=False, error_score=0.0, kwargs={})
2026-04-15 20:49:38,469:INFO:Checking exceptions
2026-04-15 20:49:38,469:INFO:Importing libraries
2026-04-15 20:49:38,469:INFO:Copying training dataset
2026-04-15 20:49:38,473:INFO:Defining folds
2026-04-15 20:49:38,473:INFO:Declaring metric variables
2026-04-15 20:49:38,473:INFO:Importing untrained model
2026-04-15 20:49:38,473:INFO:K Neighbors Classifier Imported successfully
2026-04-15 20:49:38,473:INFO:Starting cross validation
2026-04-15 20:49:38,474:INFO:Cross validating with StratifiedKFold(n_splits=5, random_state=None, shuffle=False), n_jobs=-1
2026-04-15 20:49:39,886:WARNING:/Users/yuandongran/Desktop/OIM3641_SP26_MyWork/.venv/lib/python3.11/site-packages/sklearn/metrics/_classification.py:1561: UserWarning: Note that pos_label (set to '>50K') is ignored when average != 'binary' (got 'weighted'). You may use labels=[pos_label] to specify a single positive class.
  warnings.warn(

2026-04-15 20:49:39,895:WARNING:/Users/yuandongran/Desktop/OIM3641_SP26_MyWork/.venv/lib/python3.11/site-packages/sklearn/metrics/_classification.py:1561: UserWarning: Note that pos_label (set to '>50K') is ignored when average != 'binary' (got 'weighted'). You may use labels=[pos_label] to specify a single positive class.
  warnings.warn(

2026-04-15 20:49:39,898:WARNING:/Users/yuandongran/Desktop/OIM3641_SP26_MyWork/.venv/lib/python3.11/site-packages/sklearn/metrics/_classification.py:1561: UserWarning: Note that pos_label (set to '>50K') is ignored when average != 'binary' (got 'weighted'). You may use labels=[pos_label] to specify a single positive class.
  warnings.warn(

2026-04-15 20:49:39,901:WARNING:/Users/yuandongran/Desktop/OIM3641_SP26_MyWork/.venv/lib/python3.11/site-packages/sklearn/metrics/_classification.py:1561: UserWarning: Note that pos_label (set to '>50K') is ignored when average != 'binary' (got 'weighted'). You may use labels=[pos_label] to specify a single positive class.
  warnings.warn(

2026-04-15 20:49:39,911:WARNING:/Users/yuandongran/Desktop/OIM3641_SP26_MyWork/.venv/lib/python3.11/site-packages/sklearn/metrics/_classification.py:1561: UserWarning: Note that pos_label (set to '>50K') is ignored when average != 'binary' (got 'weighted'). You may use labels=[pos_label] to specify a single positive class.
  warnings.warn(

2026-04-15 20:49:39,912:WARNING:/Users/yuandongran/Desktop/OIM3641_SP26_MyWork/.venv/lib/python3.11/site-packages/sklearn/metrics/_classification.py:1561: UserWarning: Note that pos_label (set to '>50K') is ignored when average != 'binary' (got 'weighted'). You may use labels=[pos_label] to specify a single positive class.
  warnings.warn(

2026-04-15 20:49:39,916:WARNING:/Users/yuandongran/Desktop/OIM3641_SP26_MyWork/.venv/lib/python3.11/site-packages/sklearn/metrics/_classification.py:1561: UserWarning: Note that pos_label (set to '>50K') is ignored when average != 'binary' (got 'weighted'). You may use labels=[pos_label] to specify a single positive class.
  warnings.warn(

2026-04-15 20:49:39,927:WARNING:/Users/yuandongran/Desktop/OIM3641_SP26_MyWork/.venv/lib/python3.11/site-packages/sklearn/metrics/_classification.py:1561: UserWarning: Note that pos_label (set to '>50K') is ignored when average != 'binary' (got 'weighted'). You may use labels=[pos_label] to specify a single positive class.
  warnings.warn(

2026-04-15 20:49:39,927:WARNING:/Users/yuandongran/Desktop/OIM3641_SP26_MyWork/.venv/lib/python3.11/site-packages/sklearn/metrics/_classification.py:1561: UserWarning: Note that pos_label (set to '>50K') is ignored when average != 'binary' (got 'weighted'). You may use labels=[pos_label] to specify a single positive class.
  warnings.warn(

2026-04-15 20:49:40,988:WARNING:/Users/yuandongran/Desktop/OIM3641_SP26_MyWork/.venv/lib/python3.11/site-packages/sklearn/metrics/_classification.py:1561: UserWarning: Note that pos_label (set to '>50K') is ignored when average != 'binary' (got 'weighted'). You may use labels=[pos_label] to specify a single positive class.
  warnings.warn(

2026-04-15 20:49:41,002:WARNING:/Users/yuandongran/Desktop/OIM3641_SP26_MyWork/.venv/lib/python3.11/site-packages/sklearn/metrics/_classification.py:1561: UserWarning: Note that pos_label (set to '>50K') is ignored when average != 'binary' (got 'weighted'). You may use labels=[pos_label] to specify a single positive class.
  warnings.warn(

2026-04-15 20:49:41,003:WARNING:/Users/yuandongran/Desktop/OIM3641_SP26_MyWork/.venv/lib/python3.11/site-packages/sklearn/metrics/_classification.py:1561: UserWarning: Note that pos_label (set to '>50K') is ignored when average != 'binary' (got 'weighted'). You may use labels=[pos_label] to specify a single positive class.
  warnings.warn(

2026-04-15 20:49:41,017:WARNING:/Users/yuandongran/Desktop/OIM3641_SP26_MyWork/.venv/lib/python3.11/site-packages/sklearn/metrics/_classification.py:1561: UserWarning: Note that pos_label (set to '>50K') is ignored when average != 'binary' (got 'weighted'). You may use labels=[pos_label] to specify a single positive class.
  warnings.warn(

2026-04-15 20:49:41,019:WARNING:/Users/yuandongran/Desktop/OIM3641_SP26_MyWork/.venv/lib/python3.11/site-packages/sklearn/metrics/_classification.py:1561: UserWarning: Note that pos_label (set to '>50K') is ignored when average != 'binary' (got 'weighted'). You may use labels=[pos_label] to specify a single positive class.
  warnings.warn(

2026-04-15 20:49:41,034:WARNING:/Users/yuandongran/Desktop/OIM3641_SP26_MyWork/.venv/lib/python3.11/site-packages/sklearn/metrics/_classification.py:1561: UserWarning: Note that pos_label (set to '>50K') is ignored when average != 'binary' (got 'weighted'). You may use labels=[pos_label] to specify a single positive class.
  warnings.warn(

2026-04-15 20:49:41,060:INFO:Calculating mean and std
2026-04-15 20:49:41,060:INFO:Creating metrics dataframe
2026-04-15 20:49:41,061:INFO:Uploading results into container
2026-04-15 20:49:41,062:INFO:Uploading model into container now
2026-04-15 20:49:41,062:INFO:_master_model_container: 2
2026-04-15 20:49:41,062:INFO:_display_container: 2
2026-04-15 20:49:41,062:INFO:KNeighborsClassifier(algorithm='auto', leaf_size=30, metric='minkowski',
                     metric_params=None, n_jobs=-1, n_neighbors=5, p=2,
                     weights='uniform')
2026-04-15 20:49:41,062:INFO:create_model() successfully completed......................................
2026-04-15 20:49:41,105:INFO:SubProcess create_model() end ==================================
2026-04-15 20:49:41,105:INFO:Creating metrics dataframe
2026-04-15 20:49:41,105:INFO:Initializing Naive Bayes
2026-04-15 20:49:41,106:INFO:Total runtime is 0.076163117090861 minutes
2026-04-15 20:49:41,106:INFO:SubProcess create_model() called ==================================
2026-04-15 20:49:41,106:INFO:Initializing create_model()
2026-04-15 20:49:41,106:INFO:create_model(self=<pycaret.classification.oop.ClassificationExperiment object at 0x177a8fd90>, estimator=nb, fold=StratifiedKFold(n_splits=5, random_state=None, shuffle=False), round=4, cross_validation=True, predict=True, fit_kwargs={}, groups=None, refit=False, probability_threshold=None, experiment_custom_tags=None, verbose=False, system=False, add_to_model_list=True, metrics=None, display=<pycaret.internal.display.display.CommonDisplay object at 0x177a8c990>, model_only=True, return_train_score=False, error_score=0.0, kwargs={})
2026-04-15 20:49:41,106:INFO:Checking exceptions
2026-04-15 20:49:41,106:INFO:Importing libraries
2026-04-15 20:49:41,106:INFO:Copying training dataset
2026-04-15 20:49:41,110:INFO:Defining folds
2026-04-15 20:49:41,110:INFO:Declaring metric variables
2026-04-15 20:49:41,110:INFO:Importing untrained model
2026-04-15 20:49:41,110:INFO:Naive Bayes Imported successfully
2026-04-15 20:49:41,110:INFO:Starting cross validation
2026-04-15 20:49:41,111:INFO:Cross validating with StratifiedKFold(n_splits=5, random_state=None, shuffle=False), n_jobs=-1
2026-04-15 20:49:41,394:WARNING:/Users/yuandongran/Desktop/OIM3641_SP26_MyWork/.venv/lib/python3.11/site-packages/sklearn/metrics/_classification.py:1561: UserWarning: Note that pos_label (set to '>50K') is ignored when average != 'binary' (got 'weighted'). You may use labels=[pos_label] to specify a single positive class.
  warnings.warn(

2026-04-15 20:49:41,395:WARNING:/Users/yuandongran/Desktop/OIM3641_SP26_MyWork/.venv/lib/python3.11/site-packages/sklearn/metrics/_classification.py:1561: UserWarning: Note that pos_label (set to '>50K') is ignored when average != 'binary' (got 'weighted'). You may use labels=[pos_label] to specify a single positive class.
  warnings.warn(

2026-04-15 20:49:41,404:WARNING:/Users/yuandongran/Desktop/OIM3641_SP26_MyWork/.venv/lib/python3.11/site-packages/sklearn/metrics/_classification.py:1561: UserWarning: Note that pos_label (set to '>50K') is ignored when average != 'binary' (got 'weighted'). You may use labels=[pos_label] to specify a single positive class.
  warnings.warn(

2026-04-15 20:49:41,410:WARNING:/Users/yuandongran/Desktop/OIM3641_SP26_MyWork/.venv/lib/python3.11/site-packages/sklearn/metrics/_classification.py:1561: UserWarning: Note that pos_label (set to '>50K') is ignored when average != 'binary' (got 'weighted'). You may use labels=[pos_label] to specify a single positive class.
  warnings.warn(

2026-04-15 20:49:41,410:WARNING:/Users/yuandongran/Desktop/OIM3641_SP26_MyWork/.venv/lib/python3.11/site-packages/sklearn/metrics/_classification.py:1561: UserWarning: Note that pos_label (set to '>50K') is ignored when average != 'binary' (got 'weighted'). You may use labels=[pos_label] to specify a single positive class.
  warnings.warn(

2026-04-15 20:49:41,421:WARNING:/Users/yuandongran/Desktop/OIM3641_SP26_MyWork/.venv/lib/python3.11/site-packages/sklearn/metrics/_classification.py:1561: UserWarning: Note that pos_label (set to '>50K') is ignored when average != 'binary' (got 'weighted'). You may use labels=[pos_label] to specify a single positive class.
  warnings.warn(

2026-04-15 20:49:41,426:WARNING:/Users/yuandongran/Desktop/OIM3641_SP26_MyWork/.venv/lib/python3.11/site-packages/sklearn/metrics/_classification.py:1561: UserWarning: Note that pos_label (set to '>50K') is ignored when average != 'binary' (got 'weighted'). You may use labels=[pos_label] to specify a single positive class.
  warnings.warn(

2026-04-15 20:49:41,426:WARNING:/Users/yuandongran/Desktop/OIM3641_SP26_MyWork/.venv/lib/python3.11/site-packages/sklearn/metrics/_classification.py:1561: UserWarning: Note that pos_label (set to '>50K') is ignored when average != 'binary' (got 'weighted'). You may use labels=[pos_label] to specify a single positive class.
  warnings.warn(

2026-04-15 20:49:41,436:WARNING:/Users/yuandongran/Desktop/OIM3641_SP26_MyWork/.venv/lib/python3.11/site-packages/sklearn/metrics/_classification.py:1561: UserWarning: Note that pos_label (set to '>50K') is ignored when average != 'binary' (got 'weighted'). You may use labels=[pos_label] to specify a single positive class.
  warnings.warn(

2026-04-15 20:49:42,415:WARNING:/Users/yuandongran/Desktop/OIM3641_SP26_MyWork/.venv/lib/python3.11/site-packages/sklearn/metrics/_classification.py:1561: UserWarning: Note that pos_label (set to '>50K') is ignored when average != 'binary' (got 'weighted'). You may use labels=[pos_label] to specify a single positive class.
  warnings.warn(

2026-04-15 20:49:42,418:WARNING:/Users/yuandongran/Desktop/OIM3641_SP26_MyWork/.venv/lib/python3.11/site-packages/sklearn/metrics/_classification.py:1561: UserWarning: Note that pos_label (set to '>50K') is ignored when average != 'binary' (got 'weighted'). You may use labels=[pos_label] to specify a single positive class.
  warnings.warn(

2026-04-15 20:49:42,430:WARNING:/Users/yuandongran/Desktop/OIM3641_SP26_MyWork/.venv/lib/python3.11/site-packages/sklearn/metrics/_classification.py:1561: UserWarning: Note that pos_label (set to '>50K') is ignored when average != 'binary' (got 'weighted'). You may use labels=[pos_label] to specify a single positive class.
  warnings.warn(

2026-04-15 20:49:42,434:WARNING:/Users/yuandongran/Desktop/OIM3641_SP26_MyWork/.venv/lib/python3.11/site-packages/sklearn/metrics/_classification.py:1561: UserWarning: Note that pos_label (set to '>50K') is ignored when average != 'binary' (got 'weighted'). You may use labels=[pos_label] to specify a single positive class.
  warnings.warn(

2026-04-15 20:49:42,445:WARNING:/Users/yuandongran/Desktop/OIM3641_SP26_MyWork/.venv/lib/python3.11/site-packages/sklearn/metrics/_classification.py:1561: UserWarning: Note that pos_label (set to '>50K') is ignored when average != 'binary' (got 'weighted'). You may use labels=[pos_label] to specify a single positive class.
  warnings.warn(

2026-04-15 20:49:42,450:WARNING:/Users/yuandongran/Desktop/OIM3641_SP26_MyWork/.venv/lib/python3.11/site-packages/sklearn/metrics/_classification.py:1561: UserWarning: Note that pos_label (set to '>50K') is ignored when average != 'binary' (got 'weighted'). You may use labels=[pos_label] to specify a single positive class.
  warnings.warn(

2026-04-15 20:49:42,475:INFO:Calculating mean and std
2026-04-15 20:49:42,476:INFO:Creating metrics dataframe
2026-04-15 20:49:42,477:INFO:Uploading results into container
2026-04-15 20:49:42,478:INFO:Uploading model into container now
2026-04-15 20:49:42,478:INFO:_master_model_container: 3
2026-04-15 20:49:42,478:INFO:_display_container: 2
2026-04-15 20:49:42,478:INFO:GaussianNB(priors=None, var_smoothing=1e-09)
2026-04-15 20:49:42,478:INFO:create_model() successfully completed......................................
2026-04-15 20:49:42,526:INFO:SubProcess create_model() end ==================================
2026-04-15 20:49:42,526:INFO:Creating metrics dataframe
2026-04-15 20:49:42,527:INFO:Initializing Decision Tree Classifier
2026-04-15 20:49:42,527:INFO:Total runtime is 0.09984805186589558 minutes
2026-04-15 20:49:42,527:INFO:SubProcess create_model() called ==================================
2026-04-15 20:49:42,527:INFO:Initializing create_model()
2026-04-15 20:49:42,527:INFO:create_model(self=<pycaret.classification.oop.ClassificationExperiment object at 0x177a8fd90>, estimator=dt, fold=StratifiedKFold(n_splits=5, random_state=None, shuffle=False), round=4, cross_validation=True, predict=True, fit_kwargs={}, groups=None, refit=False, probability_threshold=None, experiment_custom_tags=None, verbose=False, system=False, add_to_model_list=True, metrics=None, display=<pycaret.internal.display.display.CommonDisplay object at 0x177a8c990>, model_only=True, return_train_score=False, error_score=0.0, kwargs={})
2026-04-15 20:49:42,527:INFO:Checking exceptions
2026-04-15 20:49:42,527:INFO:Importing libraries
2026-04-15 20:49:42,527:INFO:Copying training dataset
2026-04-15 20:49:42,531:INFO:Defining folds
2026-04-15 20:49:42,531:INFO:Declaring metric variables
2026-04-15 20:49:42,531:INFO:Importing untrained model
2026-04-15 20:49:42,531:INFO:Decision Tree Classifier Imported successfully
2026-04-15 20:49:42,531:INFO:Starting cross validation
2026-04-15 20:49:42,532:INFO:Cross validating with StratifiedKFold(n_splits=5, random_state=None, shuffle=False), n_jobs=-1
2026-04-15 20:49:42,858:WARNING:/Users/yuandongran/Desktop/OIM3641_SP26_MyWork/.venv/lib/python3.11/site-packages/sklearn/metrics/_classification.py:1561: UserWarning: Note that pos_label (set to '>50K') is ignored when average != 'binary' (got 'weighted'). You may use labels=[pos_label] to specify a single positive class.
  warnings.warn(

2026-04-15 20:49:42,864:WARNING:/Users/yuandongran/Desktop/OIM3641_SP26_MyWork/.venv/lib/python3.11/site-packages/sklearn/metrics/_classification.py:1561: UserWarning: Note that pos_label (set to '>50K') is ignored when average != 'binary' (got 'weighted'). You may use labels=[pos_label] to specify a single positive class.
  warnings.warn(

2026-04-15 20:49:42,873:WARNING:/Users/yuandongran/Desktop/OIM3641_SP26_MyWork/.venv/lib/python3.11/site-packages/sklearn/metrics/_classification.py:1561: UserWarning: Note that pos_label (set to '>50K') is ignored when average != 'binary' (got 'weighted'). You may use labels=[pos_label] to specify a single positive class.
  warnings.warn(

2026-04-15 20:49:42,879:WARNING:/Users/yuandongran/Desktop/OIM3641_SP26_MyWork/.venv/lib/python3.11/site-packages/sklearn/metrics/_classification.py:1561: UserWarning: Note that pos_label (set to '>50K') is ignored when average != 'binary' (got 'weighted'). You may use labels=[pos_label] to specify a single positive class.
  warnings.warn(

2026-04-15 20:49:42,884:WARNING:/Users/yuandongran/Desktop/OIM3641_SP26_MyWork/.venv/lib/python3.11/site-packages/sklearn/metrics/_classification.py:1561: UserWarning: Note that pos_label (set to '>50K') is ignored when average != 'binary' (got 'weighted'). You may use labels=[pos_label] to specify a single positive class.
  warnings.warn(

2026-04-15 20:49:42,886:WARNING:/Users/yuandongran/Desktop/OIM3641_SP26_MyWork/.venv/lib/python3.11/site-packages/sklearn/metrics/_classification.py:1561: UserWarning: Note that pos_label (set to '>50K') is ignored when average != 'binary' (got 'weighted'). You may use labels=[pos_label] to specify a single positive class.
  warnings.warn(

2026-04-15 20:49:42,889:WARNING:/Users/yuandongran/Desktop/OIM3641_SP26_MyWork/.venv/lib/python3.11/site-packages/sklearn/metrics/_classification.py:1561: UserWarning: Note that pos_label (set to '>50K') is ignored when average != 'binary' (got 'weighted'). You may use labels=[pos_label] to specify a single positive class.
  warnings.warn(

2026-04-15 20:49:42,895:WARNING:/Users/yuandongran/Desktop/OIM3641_SP26_MyWork/.venv/lib/python3.11/site-packages/sklearn/metrics/_classification.py:1561: UserWarning: Note that pos_label (set to '>50K') is ignored when average != 'binary' (got 'weighted'). You may use labels=[pos_label] to specify a single positive class.
  warnings.warn(

2026-04-15 20:49:42,899:WARNING:/Users/yuandongran/Desktop/OIM3641_SP26_MyWork/.venv/lib/python3.11/site-packages/sklearn/metrics/_classification.py:1561: UserWarning: Note that pos_label (set to '>50K') is ignored when average != 'binary' (got 'weighted'). You may use labels=[pos_label] to specify a single positive class.
  warnings.warn(

2026-04-15 20:49:42,901:WARNING:/Users/yuandongran/Desktop/OIM3641_SP26_MyWork/.venv/lib/python3.11/site-packages/sklearn/metrics/_classification.py:1561: UserWarning: Note that pos_label (set to '>50K') is ignored when average != 'binary' (got 'weighted'). You may use labels=[pos_label] to specify a single positive class.
  warnings.warn(

2026-04-15 20:49:42,914:WARNING:/Users/yuandongran/Desktop/OIM3641_SP26_MyWork/.venv/lib/python3.11/site-packages/sklearn/metrics/_classification.py:1561: UserWarning: Note that pos_label (set to '>50K') is ignored when average != 'binary' (got 'weighted'). You may use labels=[pos_label] to specify a single positive class.
  warnings.warn(

2026-04-15 20:49:42,917:WARNING:/Users/yuandongran/Desktop/OIM3641_SP26_MyWork/.venv/lib/python3.11/site-packages/sklearn/metrics/_classification.py:1561: UserWarning: Note that pos_label (set to '>50K') is ignored when average != 'binary' (got 'weighted'). You may use labels=[pos_label] to specify a single positive class.
  warnings.warn(

2026-04-15 20:49:43,820:WARNING:/Users/yuandongran/Desktop/OIM3641_SP26_MyWork/.venv/lib/python3.11/site-packages/sklearn/metrics/_classification.py:1561: UserWarning: Note that pos_label (set to '>50K') is ignored when average != 'binary' (got 'weighted'). You may use labels=[pos_label] to specify a single positive class.
  warnings.warn(

2026-04-15 20:49:43,834:WARNING:/Users/yuandongran/Desktop/OIM3641_SP26_MyWork/.venv/lib/python3.11/site-packages/sklearn/metrics/_classification.py:1561: UserWarning: Note that pos_label (set to '>50K') is ignored when average != 'binary' (got 'weighted'). You may use labels=[pos_label] to specify a single positive class.
  warnings.warn(

2026-04-15 20:49:43,849:WARNING:/Users/yuandongran/Desktop/OIM3641_SP26_MyWork/.venv/lib/python3.11/site-packages/sklearn/metrics/_classification.py:1561: UserWarning: Note that pos_label (set to '>50K') is ignored when average != 'binary' (got 'weighted'). You may use labels=[pos_label] to specify a single positive class.
  warnings.warn(

2026-04-15 20:49:43,879:INFO:Calculating mean and std
2026-04-15 20:49:43,879:INFO:Creating metrics dataframe
2026-04-15 20:49:43,880:INFO:Uploading results into container
2026-04-15 20:49:43,880:INFO:Uploading model into container now
2026-04-15 20:49:43,880:INFO:_master_model_container: 4
2026-04-15 20:49:43,880:INFO:_display_container: 2
2026-04-15 20:49:43,881:INFO:DecisionTreeClassifier(ccp_alpha=0.0, class_weight=None, criterion='gini',
                       max_depth=None, max_features=None, max_leaf_nodes=None,
                       min_impurity_decrease=0.0, min_samples_leaf=1,
                       min_samples_split=2, min_weight_fraction_leaf=0.0,
                       monotonic_cst=None, random_state=42, splitter='best')
2026-04-15 20:49:43,881:INFO:create_model() successfully completed......................................
2026-04-15 20:49:43,918:INFO:SubProcess create_model() end ==================================
2026-04-15 20:49:43,918:INFO:Creating metrics dataframe
2026-04-15 20:49:43,919:INFO:Initializing SVM - Linear Kernel
2026-04-15 20:49:43,919:INFO:Total runtime is 0.12305766741434733 minutes
2026-04-15 20:49:43,919:INFO:SubProcess create_model() called ==================================
2026-04-15 20:49:43,919:INFO:Initializing create_model()
2026-04-15 20:49:43,919:INFO:create_model(self=<pycaret.classification.oop.ClassificationExperiment object at 0x177a8fd90>, estimator=svm, fold=StratifiedKFold(n_splits=5, random_state=None, shuffle=False), round=4, cross_validation=True, predict=True, fit_kwargs={}, groups=None, refit=False, probability_threshold=None, experiment_custom_tags=None, verbose=False, system=False, add_to_model_list=True, metrics=None, display=<pycaret.internal.display.display.CommonDisplay object at 0x177a8c990>, model_only=True, return_train_score=False, error_score=0.0, kwargs={})
2026-04-15 20:49:43,919:INFO:Checking exceptions
2026-04-15 20:49:43,919:INFO:Importing libraries
2026-04-15 20:49:43,919:INFO:Copying training dataset
2026-04-15 20:49:43,923:INFO:Defining folds
2026-04-15 20:49:43,923:INFO:Declaring metric variables
2026-04-15 20:49:43,923:INFO:Importing untrained model
2026-04-15 20:49:43,924:INFO:SVM - Linear Kernel Imported successfully
2026-04-15 20:49:43,924:INFO:Starting cross validation
2026-04-15 20:49:43,924:INFO:Cross validating with StratifiedKFold(n_splits=5, random_state=None, shuffle=False), n_jobs=-1
2026-04-15 20:49:44,370:WARNING:/Users/yuandongran/Desktop/OIM3641_SP26_MyWork/.venv/lib/python3.11/site-packages/sklearn/metrics/_classification.py:1561: UserWarning: Note that pos_label (set to '>50K') is ignored when average != 'binary' (got 'weighted'). You may use labels=[pos_label] to specify a single positive class.
  warnings.warn(

2026-04-15 20:49:44,385:WARNING:/Users/yuandongran/Desktop/OIM3641_SP26_MyWork/.venv/lib/python3.11/site-packages/sklearn/metrics/_classification.py:1561: UserWarning: Note that pos_label (set to '>50K') is ignored when average != 'binary' (got 'weighted'). You may use labels=[pos_label] to specify a single positive class.
  warnings.warn(

2026-04-15 20:49:44,401:WARNING:/Users/yuandongran/Desktop/OIM3641_SP26_MyWork/.venv/lib/python3.11/site-packages/sklearn/metrics/_classification.py:1561: UserWarning: Note that pos_label (set to '>50K') is ignored when average != 'binary' (got 'weighted'). You may use labels=[pos_label] to specify a single positive class.
  warnings.warn(

2026-04-15 20:49:44,411:WARNING:/Users/yuandongran/Desktop/OIM3641_SP26_MyWork/.venv/lib/python3.11/site-packages/sklearn/metrics/_classification.py:1561: UserWarning: Note that pos_label (set to '>50K') is ignored when average != 'binary' (got 'weighted'). You may use labels=[pos_label] to specify a single positive class.
  warnings.warn(

2026-04-15 20:49:44,426:WARNING:/Users/yuandongran/Desktop/OIM3641_SP26_MyWork/.venv/lib/python3.11/site-packages/sklearn/metrics/_classification.py:1561: UserWarning: Note that pos_label (set to '>50K') is ignored when average != 'binary' (got 'weighted'). You may use labels=[pos_label] to specify a single positive class.
  warnings.warn(

2026-04-15 20:49:44,427:WARNING:/Users/yuandongran/Desktop/OIM3641_SP26_MyWork/.venv/lib/python3.11/site-packages/sklearn/metrics/_classification.py:1561: UserWarning: Note that pos_label (set to '>50K') is ignored when average != 'binary' (got 'weighted'). You may use labels=[pos_label] to specify a single positive class.
  warnings.warn(

2026-04-15 20:49:44,427:WARNING:/Users/yuandongran/Desktop/OIM3641_SP26_MyWork/.venv/lib/python3.11/site-packages/sklearn/metrics/_classification.py:1561: UserWarning: Note that pos_label (set to '>50K') is ignored when average != 'binary' (got 'weighted'). You may use labels=[pos_label] to specify a single positive class.
  warnings.warn(

2026-04-15 20:49:44,442:WARNING:/Users/yuandongran/Desktop/OIM3641_SP26_MyWork/.venv/lib/python3.11/site-packages/sklearn/metrics/_classification.py:1561: UserWarning: Note that pos_label (set to '>50K') is ignored when average != 'binary' (got 'weighted'). You may use labels=[pos_label] to specify a single positive class.
  warnings.warn(

2026-04-15 20:49:44,443:WARNING:/Users/yuandongran/Desktop/OIM3641_SP26_MyWork/.venv/lib/python3.11/site-packages/sklearn/metrics/_classification.py:1561: UserWarning: Note that pos_label (set to '>50K') is ignored when average != 'binary' (got 'weighted'). You may use labels=[pos_label] to specify a single positive class.
  warnings.warn(

2026-04-15 20:49:44,443:WARNING:/Users/yuandongran/Desktop/OIM3641_SP26_MyWork/.venv/lib/python3.11/site-packages/sklearn/metrics/_classification.py:1561: UserWarning: Note that pos_label (set to '>50K') is ignored when average != 'binary' (got 'weighted'). You may use labels=[pos_label] to specify a single positive class.
  warnings.warn(

2026-04-15 20:49:44,458:WARNING:/Users/yuandongran/Desktop/OIM3641_SP26_MyWork/.venv/lib/python3.11/site-packages/sklearn/metrics/_classification.py:1561: UserWarning: Note that pos_label (set to '>50K') is ignored when average != 'binary' (got 'weighted'). You may use labels=[pos_label] to specify a single positive class.
  warnings.warn(

2026-04-15 20:49:44,459:WARNING:/Users/yuandongran/Desktop/OIM3641_SP26_MyWork/.venv/lib/python3.11/site-packages/sklearn/metrics/_classification.py:1561: UserWarning: Note that pos_label (set to '>50K') is ignored when average != 'binary' (got 'weighted'). You may use labels=[pos_label] to specify a single positive class.
  warnings.warn(

2026-04-15 20:49:45,286:WARNING:/Users/yuandongran/Desktop/OIM3641_SP26_MyWork/.venv/lib/python3.11/site-packages/sklearn/metrics/_classification.py:1561: UserWarning: Note that pos_label (set to '>50K') is ignored when average != 'binary' (got 'weighted'). You may use labels=[pos_label] to specify a single positive class.
  warnings.warn(

2026-04-15 20:49:45,301:WARNING:/Users/yuandongran/Desktop/OIM3641_SP26_MyWork/.venv/lib/python3.11/site-packages/sklearn/metrics/_classification.py:1561: UserWarning: Note that pos_label (set to '>50K') is ignored when average != 'binary' (got 'weighted'). You may use labels=[pos_label] to specify a single positive class.
  warnings.warn(

2026-04-15 20:49:45,317:WARNING:/Users/yuandongran/Desktop/OIM3641_SP26_MyWork/.venv/lib/python3.11/site-packages/sklearn/metrics/_classification.py:1561: UserWarning: Note that pos_label (set to '>50K') is ignored when average != 'binary' (got 'weighted'). You may use labels=[pos_label] to specify a single positive class.
  warnings.warn(

2026-04-15 20:49:45,345:INFO:Calculating mean and std
2026-04-15 20:49:45,345:INFO:Creating metrics dataframe
2026-04-15 20:49:45,346:INFO:Uploading results into container
2026-04-15 20:49:45,346:INFO:Uploading model into container now
2026-04-15 20:49:45,346:INFO:_master_model_container: 5
2026-04-15 20:49:45,346:INFO:_display_container: 2
2026-04-15 20:49:45,346:INFO:SGDClassifier(alpha=0.0001, average=False, class_weight=None,
              early_stopping=False, epsilon=0.1, eta0=0.001, fit_intercept=True,
              l1_ratio=0.15, learning_rate='optimal', loss='hinge',
              max_iter=1000, n_iter_no_change=5, n_jobs=-1, penalty='l2',
              power_t=0.5, random_state=42, shuffle=True, tol=0.001,
              validation_fraction=0.1, verbose=0, warm_start=False)
2026-04-15 20:49:45,346:INFO:create_model() successfully completed......................................
2026-04-15 20:49:45,385:INFO:SubProcess create_model() end ==================================
2026-04-15 20:49:45,385:INFO:Creating metrics dataframe
2026-04-15 20:49:45,386:INFO:Initializing Ridge Classifier
2026-04-15 20:49:45,386:INFO:Total runtime is 0.14750346740086873 minutes
2026-04-15 20:49:45,386:INFO:SubProcess create_model() called ==================================
2026-04-15 20:49:45,386:INFO:Initializing create_model()
2026-04-15 20:49:45,386:INFO:create_model(self=<pycaret.classification.oop.ClassificationExperiment object at 0x177a8fd90>, estimator=ridge, fold=StratifiedKFold(n_splits=5, random_state=None, shuffle=False), round=4, cross_validation=True, predict=True, fit_kwargs={}, groups=None, refit=False, probability_threshold=None, experiment_custom_tags=None, verbose=False, system=False, add_to_model_list=True, metrics=None, display=<pycaret.internal.display.display.CommonDisplay object at 0x177a8c990>, model_only=True, return_train_score=False, error_score=0.0, kwargs={})
2026-04-15 20:49:45,386:INFO:Checking exceptions
2026-04-15 20:49:45,386:INFO:Importing libraries
2026-04-15 20:49:45,386:INFO:Copying training dataset
2026-04-15 20:49:45,390:INFO:Defining folds
2026-04-15 20:49:45,390:INFO:Declaring metric variables
2026-04-15 20:49:45,390:INFO:Importing untrained model
2026-04-15 20:49:45,390:INFO:Ridge Classifier Imported successfully
2026-04-15 20:49:45,390:INFO:Starting cross validation
2026-04-15 20:49:45,391:INFO:Cross validating with StratifiedKFold(n_splits=5, random_state=None, shuffle=False), n_jobs=-1
2026-04-15 20:49:45,670:WARNING:/Users/yuandongran/Desktop/OIM3641_SP26_MyWork/.venv/lib/python3.11/site-packages/sklearn/metrics/_classification.py:1561: UserWarning: Note that pos_label (set to '>50K') is ignored when average != 'binary' (got 'weighted'). You may use labels=[pos_label] to specify a single positive class.
  warnings.warn(

2026-04-15 20:49:45,671:WARNING:/Users/yuandongran/Desktop/OIM3641_SP26_MyWork/.venv/lib/python3.11/site-packages/sklearn/metrics/_classification.py:1561: UserWarning: Note that pos_label (set to '>50K') is ignored when average != 'binary' (got 'weighted'). You may use labels=[pos_label] to specify a single positive class.
  warnings.warn(

2026-04-15 20:49:45,673:WARNING:/Users/yuandongran/Desktop/OIM3641_SP26_MyWork/.venv/lib/python3.11/site-packages/sklearn/metrics/_classification.py:1561: UserWarning: Note that pos_label (set to '>50K') is ignored when average != 'binary' (got 'weighted'). You may use labels=[pos_label] to specify a single positive class.
  warnings.warn(

2026-04-15 20:49:45,679:WARNING:/Users/yuandongran/Desktop/OIM3641_SP26_MyWork/.venv/lib/python3.11/site-packages/sklearn/metrics/_classification.py:1561: UserWarning: Note that pos_label (set to '>50K') is ignored when average != 'binary' (got 'weighted'). You may use labels=[pos_label] to specify a single positive class.
  warnings.warn(

2026-04-15 20:49:45,686:WARNING:/Users/yuandongran/Desktop/OIM3641_SP26_MyWork/.venv/lib/python3.11/site-packages/sklearn/metrics/_classification.py:1561: UserWarning: Note that pos_label (set to '>50K') is ignored when average != 'binary' (got 'weighted'). You may use labels=[pos_label] to specify a single positive class.
  warnings.warn(

2026-04-15 20:49:45,687:WARNING:/Users/yuandongran/Desktop/OIM3641_SP26_MyWork/.venv/lib/python3.11/site-packages/sklearn/metrics/_classification.py:1561: UserWarning: Note that pos_label (set to '>50K') is ignored when average != 'binary' (got 'weighted'). You may use labels=[pos_label] to specify a single positive class.
  warnings.warn(

2026-04-15 20:49:45,689:WARNING:/Users/yuandongran/Desktop/OIM3641_SP26_MyWork/.venv/lib/python3.11/site-packages/sklearn/metrics/_classification.py:1561: UserWarning: Note that pos_label (set to '>50K') is ignored when average != 'binary' (got 'weighted'). You may use labels=[pos_label] to specify a single positive class.
  warnings.warn(

2026-04-15 20:49:45,692:WARNING:/Users/yuandongran/Desktop/OIM3641_SP26_MyWork/.venv/lib/python3.11/site-packages/sklearn/metrics/_classification.py:1561: UserWarning: Note that pos_label (set to '>50K') is ignored when average != 'binary' (got 'weighted'). You may use labels=[pos_label] to specify a single positive class.
  warnings.warn(

2026-04-15 20:49:45,695:WARNING:/Users/yuandongran/Desktop/OIM3641_SP26_MyWork/.venv/lib/python3.11/site-packages/sklearn/metrics/_classification.py:1561: UserWarning: Note that pos_label (set to '>50K') is ignored when average != 'binary' (got 'weighted'). You may use labels=[pos_label] to specify a single positive class.
  warnings.warn(

2026-04-15 20:49:45,703:WARNING:/Users/yuandongran/Desktop/OIM3641_SP26_MyWork/.venv/lib/python3.11/site-packages/sklearn/metrics/_classification.py:1561: UserWarning: Note that pos_label (set to '>50K') is ignored when average != 'binary' (got 'weighted'). You may use labels=[pos_label] to specify a single positive class.
  warnings.warn(

2026-04-15 20:49:45,704:WARNING:/Users/yuandongran/Desktop/OIM3641_SP26_MyWork/.venv/lib/python3.11/site-packages/sklearn/metrics/_classification.py:1561: UserWarning: Note that pos_label (set to '>50K') is ignored when average != 'binary' (got 'weighted'). You may use labels=[pos_label] to specify a single positive class.
  warnings.warn(

2026-04-15 20:49:45,705:WARNING:/Users/yuandongran/Desktop/OIM3641_SP26_MyWork/.venv/lib/python3.11/site-packages/sklearn/metrics/_classification.py:1561: UserWarning: Note that pos_label (set to '>50K') is ignored when average != 'binary' (got 'weighted'). You may use labels=[pos_label] to specify a single positive class.
  warnings.warn(

2026-04-15 20:49:45,707:WARNING:/Users/yuandongran/Desktop/OIM3641_SP26_MyWork/.venv/lib/python3.11/site-packages/sklearn/metrics/_classification.py:1561: UserWarning: Note that pos_label (set to '>50K') is ignored when average != 'binary' (got 'weighted'). You may use labels=[pos_label] to specify a single positive class.
  warnings.warn(

2026-04-15 20:49:45,712:WARNING:/Users/yuandongran/Desktop/OIM3641_SP26_MyWork/.venv/lib/python3.11/site-packages/sklearn/metrics/_classification.py:1561: UserWarning: Note that pos_label (set to '>50K') is ignored when average != 'binary' (got 'weighted'). You may use labels=[pos_label] to specify a single positive class.
  warnings.warn(

2026-04-15 20:49:45,722:WARNING:/Users/yuandongran/Desktop/OIM3641_SP26_MyWork/.venv/lib/python3.11/site-packages/sklearn/metrics/_classification.py:1561: UserWarning: Note that pos_label (set to '>50K') is ignored when average != 'binary' (got 'weighted'). You may use labels=[pos_label] to specify a single positive class.
  warnings.warn(

2026-04-15 20:49:45,746:INFO:Calculating mean and std
2026-04-15 20:49:45,746:INFO:Creating metrics dataframe
2026-04-15 20:49:45,747:INFO:Uploading results into container
2026-04-15 20:49:45,747:INFO:Uploading model into container now
2026-04-15 20:49:45,747:INFO:_master_model_container: 6
2026-04-15 20:49:45,747:INFO:_display_container: 2
2026-04-15 20:49:45,747:INFO:RidgeClassifier(alpha=1.0, class_weight=None, copy_X=True, fit_intercept=True,
                max_iter=None, positive=False, random_state=42, solver='auto',
                tol=0.0001)
2026-04-15 20:49:45,747:INFO:create_model() successfully completed......................................
2026-04-15 20:49:45,786:INFO:SubProcess create_model() end ==================================
2026-04-15 20:49:45,786:INFO:Creating metrics dataframe
2026-04-15 20:49:45,787:INFO:Initializing Random Forest Classifier
2026-04-15 20:49:45,787:INFO:Total runtime is 0.15418020089467366 minutes
2026-04-15 20:49:45,787:INFO:SubProcess create_model() called ==================================
2026-04-15 20:49:45,787:INFO:Initializing create_model()
2026-04-15 20:49:45,787:INFO:create_model(self=<pycaret.classification.oop.ClassificationExperiment object at 0x177a8fd90>, estimator=rf, fold=StratifiedKFold(n_splits=5, random_state=None, shuffle=False), round=4, cross_validation=True, predict=True, fit_kwargs={}, groups=None, refit=False, probability_threshold=None, experiment_custom_tags=None, verbose=False, system=False, add_to_model_list=True, metrics=None, display=<pycaret.internal.display.display.CommonDisplay object at 0x177a8c990>, model_only=True, return_train_score=False, error_score=0.0, kwargs={})
2026-04-15 20:49:45,787:INFO:Checking exceptions
2026-04-15 20:49:45,787:INFO:Importing libraries
2026-04-15 20:49:45,787:INFO:Copying training dataset
2026-04-15 20:49:45,791:INFO:Defining folds
2026-04-15 20:49:45,791:INFO:Declaring metric variables
2026-04-15 20:49:45,791:INFO:Importing untrained model
2026-04-15 20:49:45,791:INFO:Random Forest Classifier Imported successfully
2026-04-15 20:49:45,791:INFO:Starting cross validation
2026-04-15 20:49:45,792:INFO:Cross validating with StratifiedKFold(n_splits=5, random_state=None, shuffle=False), n_jobs=-1
2026-04-15 20:49:46,796:WARNING:/Users/yuandongran/Desktop/OIM3641_SP26_MyWork/.venv/lib/python3.11/site-packages/sklearn/metrics/_classification.py:1561: UserWarning: Note that pos_label (set to '>50K') is ignored when average != 'binary' (got 'weighted'). You may use labels=[pos_label] to specify a single positive class.
  warnings.warn(

2026-04-15 20:49:46,812:WARNING:/Users/yuandongran/Desktop/OIM3641_SP26_MyWork/.venv/lib/python3.11/site-packages/sklearn/metrics/_classification.py:1561: UserWarning: Note that pos_label (set to '>50K') is ignored when average != 'binary' (got 'weighted'). You may use labels=[pos_label] to specify a single positive class.
  warnings.warn(

2026-04-15 20:49:46,828:WARNING:/Users/yuandongran/Desktop/OIM3641_SP26_MyWork/.venv/lib/python3.11/site-packages/sklearn/metrics/_classification.py:1561: UserWarning: Note that pos_label (set to '>50K') is ignored when average != 'binary' (got 'weighted'). You may use labels=[pos_label] to specify a single positive class.
  warnings.warn(

2026-04-15 20:49:46,857:WARNING:/Users/yuandongran/Desktop/OIM3641_SP26_MyWork/.venv/lib/python3.11/site-packages/sklearn/metrics/_classification.py:1561: UserWarning: Note that pos_label (set to '>50K') is ignored when average != 'binary' (got 'weighted'). You may use labels=[pos_label] to specify a single positive class.
  warnings.warn(

2026-04-15 20:49:46,874:WARNING:/Users/yuandongran/Desktop/OIM3641_SP26_MyWork/.venv/lib/python3.11/site-packages/sklearn/metrics/_classification.py:1561: UserWarning: Note that pos_label (set to '>50K') is ignored when average != 'binary' (got 'weighted'). You may use labels=[pos_label] to specify a single positive class.
  warnings.warn(

2026-04-15 20:49:46,874:WARNING:/Users/yuandongran/Desktop/OIM3641_SP26_MyWork/.venv/lib/python3.11/site-packages/sklearn/metrics/_classification.py:1561: UserWarning: Note that pos_label (set to '>50K') is ignored when average != 'binary' (got 'weighted'). You may use labels=[pos_label] to specify a single positive class.
  warnings.warn(

2026-04-15 20:49:46,876:WARNING:/Users/yuandongran/Desktop/OIM3641_SP26_MyWork/.venv/lib/python3.11/site-packages/sklearn/metrics/_classification.py:1561: UserWarning: Note that pos_label (set to '>50K') is ignored when average != 'binary' (got 'weighted'). You may use labels=[pos_label] to specify a single positive class.
  warnings.warn(

2026-04-15 20:49:46,880:WARNING:/Users/yuandongran/Desktop/OIM3641_SP26_MyWork/.venv/lib/python3.11/site-packages/sklearn/metrics/_classification.py:1561: UserWarning: Note that pos_label (set to '>50K') is ignored when average != 'binary' (got 'weighted'). You may use labels=[pos_label] to specify a single positive class.
  warnings.warn(

2026-04-15 20:49:46,889:WARNING:/Users/yuandongran/Desktop/OIM3641_SP26_MyWork/.venv/lib/python3.11/site-packages/sklearn/metrics/_classification.py:1561: UserWarning: Note that pos_label (set to '>50K') is ignored when average != 'binary' (got 'weighted'). You may use labels=[pos_label] to specify a single positive class.
  warnings.warn(

2026-04-15 20:49:46,889:WARNING:/Users/yuandongran/Desktop/OIM3641_SP26_MyWork/.venv/lib/python3.11/site-packages/sklearn/metrics/_classification.py:1561: UserWarning: Note that pos_label (set to '>50K') is ignored when average != 'binary' (got 'weighted'). You may use labels=[pos_label] to specify a single positive class.
  warnings.warn(

2026-04-15 20:49:46,891:WARNING:/Users/yuandongran/Desktop/OIM3641_SP26_MyWork/.venv/lib/python3.11/site-packages/sklearn/metrics/_classification.py:1561: UserWarning: Note that pos_label (set to '>50K') is ignored when average != 'binary' (got 'weighted'). You may use labels=[pos_label] to specify a single positive class.
  warnings.warn(

2026-04-15 20:49:46,895:WARNING:/Users/yuandongran/Desktop/OIM3641_SP26_MyWork/.venv/lib/python3.11/site-packages/sklearn/metrics/_classification.py:1561: UserWarning: Note that pos_label (set to '>50K') is ignored when average != 'binary' (got 'weighted'). You may use labels=[pos_label] to specify a single positive class.
  warnings.warn(

2026-04-15 20:49:46,905:WARNING:/Users/yuandongran/Desktop/OIM3641_SP26_MyWork/.venv/lib/python3.11/site-packages/sklearn/metrics/_classification.py:1561: UserWarning: Note that pos_label (set to '>50K') is ignored when average != 'binary' (got 'weighted'). You may use labels=[pos_label] to specify a single positive class.
  warnings.warn(

2026-04-15 20:49:46,906:WARNING:/Users/yuandongran/Desktop/OIM3641_SP26_MyWork/.venv/lib/python3.11/site-packages/sklearn/metrics/_classification.py:1561: UserWarning: Note that pos_label (set to '>50K') is ignored when average != 'binary' (got 'weighted'). You may use labels=[pos_label] to specify a single positive class.
  warnings.warn(

2026-04-15 20:49:46,910:WARNING:/Users/yuandongran/Desktop/OIM3641_SP26_MyWork/.venv/lib/python3.11/site-packages/sklearn/metrics/_classification.py:1561: UserWarning: Note that pos_label (set to '>50K') is ignored when average != 'binary' (got 'weighted'). You may use labels=[pos_label] to specify a single positive class.
  warnings.warn(

2026-04-15 20:49:46,940:INFO:Calculating mean and std
2026-04-15 20:49:46,940:INFO:Creating metrics dataframe
2026-04-15 20:49:46,941:INFO:Uploading results into container
2026-04-15 20:49:46,941:INFO:Uploading model into container now
2026-04-15 20:49:46,941:INFO:_master_model_container: 7
2026-04-15 20:49:46,941:INFO:_display_container: 2
2026-04-15 20:49:46,941:INFO:RandomForestClassifier(bootstrap=True, ccp_alpha=0.0, class_weight=None,
                       criterion='gini', max_depth=None, max_features='sqrt',
                       max_leaf_nodes=None, max_samples=None,
                       min_impurity_decrease=0.0, min_samples_leaf=1,
                       min_samples_split=2, min_weight_fraction_leaf=0.0,
                       monotonic_cst=None, n_estimators=100, n_jobs=-1,
                       oob_score=False, random_state=42, verbose=0,
                       warm_start=False)
2026-04-15 20:49:46,941:INFO:create_model() successfully completed......................................
2026-04-15 20:49:46,979:INFO:SubProcess create_model() end ==================================
2026-04-15 20:49:46,979:INFO:Creating metrics dataframe
2026-04-15 20:49:46,980:INFO:Initializing Quadratic Discriminant Analysis
2026-04-15 20:49:46,980:INFO:Total runtime is 0.1740664839744568 minutes
2026-04-15 20:49:46,980:INFO:SubProcess create_model() called ==================================
2026-04-15 20:49:46,980:INFO:Initializing create_model()
2026-04-15 20:49:46,980:INFO:create_model(self=<pycaret.classification.oop.ClassificationExperiment object at 0x177a8fd90>, estimator=qda, fold=StratifiedKFold(n_splits=5, random_state=None, shuffle=False), round=4, cross_validation=True, predict=True, fit_kwargs={}, groups=None, refit=False, probability_threshold=None, experiment_custom_tags=None, verbose=False, system=False, add_to_model_list=True, metrics=None, display=<pycaret.internal.display.display.CommonDisplay object at 0x177a8c990>, model_only=True, return_train_score=False, error_score=0.0, kwargs={})
2026-04-15 20:49:46,980:INFO:Checking exceptions
2026-04-15 20:49:46,980:INFO:Importing libraries
2026-04-15 20:49:46,980:INFO:Copying training dataset
2026-04-15 20:49:46,984:INFO:Defining folds
2026-04-15 20:49:46,984:INFO:Declaring metric variables
2026-04-15 20:49:46,984:INFO:Importing untrained model
2026-04-15 20:49:46,984:INFO:Quadratic Discriminant Analysis Imported successfully
2026-04-15 20:49:46,984:INFO:Starting cross validation
2026-04-15 20:49:46,985:INFO:Cross validating with StratifiedKFold(n_splits=5, random_state=None, shuffle=False), n_jobs=-1
2026-04-15 20:49:47,237:WARNING:/Users/yuandongran/Desktop/OIM3641_SP26_MyWork/.venv/lib/python3.11/site-packages/sklearn/discriminant_analysis.py:935: UserWarning: Variables are collinear
  warnings.warn("Variables are collinear")

2026-04-15 20:49:47,238:WARNING:/Users/yuandongran/Desktop/OIM3641_SP26_MyWork/.venv/lib/python3.11/site-packages/sklearn/discriminant_analysis.py:935: UserWarning: Variables are collinear
  warnings.warn("Variables are collinear")

2026-04-15 20:49:47,243:WARNING:/Users/yuandongran/Desktop/OIM3641_SP26_MyWork/.venv/lib/python3.11/site-packages/sklearn/discriminant_analysis.py:935: UserWarning: Variables are collinear
  warnings.warn("Variables are collinear")

2026-04-15 20:49:47,243:WARNING:/Users/yuandongran/Desktop/OIM3641_SP26_MyWork/.venv/lib/python3.11/site-packages/sklearn/discriminant_analysis.py:935: UserWarning: Variables are collinear
  warnings.warn("Variables are collinear")

2026-04-15 20:49:47,306:WARNING:/Users/yuandongran/Desktop/OIM3641_SP26_MyWork/.venv/lib/python3.11/site-packages/sklearn/metrics/_classification.py:1561: UserWarning: Note that pos_label (set to '>50K') is ignored when average != 'binary' (got 'weighted'). You may use labels=[pos_label] to specify a single positive class.
  warnings.warn(

2026-04-15 20:49:47,307:WARNING:/Users/yuandongran/Desktop/OIM3641_SP26_MyWork/.venv/lib/python3.11/site-packages/sklearn/metrics/_classification.py:1561: UserWarning: Note that pos_label (set to '>50K') is ignored when average != 'binary' (got 'weighted'). You may use labels=[pos_label] to specify a single positive class.
  warnings.warn(

2026-04-15 20:49:47,309:WARNING:/Users/yuandongran/Desktop/OIM3641_SP26_MyWork/.venv/lib/python3.11/site-packages/sklearn/metrics/_classification.py:1561: UserWarning: Note that pos_label (set to '>50K') is ignored when average != 'binary' (got 'weighted'). You may use labels=[pos_label] to specify a single positive class.
  warnings.warn(

2026-04-15 20:49:47,312:WARNING:/Users/yuandongran/Desktop/OIM3641_SP26_MyWork/.venv/lib/python3.11/site-packages/sklearn/metrics/_classification.py:1561: UserWarning: Note that pos_label (set to '>50K') is ignored when average != 'binary' (got 'weighted'). You may use labels=[pos_label] to specify a single positive class.
  warnings.warn(

2026-04-15 20:49:47,321:WARNING:/Users/yuandongran/Desktop/OIM3641_SP26_MyWork/.venv/lib/python3.11/site-packages/sklearn/metrics/_classification.py:1561: UserWarning: Note that pos_label (set to '>50K') is ignored when average != 'binary' (got 'weighted'). You may use labels=[pos_label] to specify a single positive class.
  warnings.warn(

2026-04-15 20:49:47,322:WARNING:/Users/yuandongran/Desktop/OIM3641_SP26_MyWork/.venv/lib/python3.11/site-packages/sklearn/metrics/_classification.py:1561: UserWarning: Note that pos_label (set to '>50K') is ignored when average != 'binary' (got 'weighted'). You may use labels=[pos_label] to specify a single positive class.
  warnings.warn(

2026-04-15 20:49:47,325:WARNING:/Users/yuandongran/Desktop/OIM3641_SP26_MyWork/.venv/lib/python3.11/site-packages/sklearn/metrics/_classification.py:1561: UserWarning: Note that pos_label (set to '>50K') is ignored when average != 'binary' (got 'weighted'). You may use labels=[pos_label] to specify a single positive class.
  warnings.warn(

2026-04-15 20:49:47,329:WARNING:/Users/yuandongran/Desktop/OIM3641_SP26_MyWork/.venv/lib/python3.11/site-packages/sklearn/metrics/_classification.py:1561: UserWarning: Note that pos_label (set to '>50K') is ignored when average != 'binary' (got 'weighted'). You may use labels=[pos_label] to specify a single positive class.
  warnings.warn(

2026-04-15 20:49:47,337:WARNING:/Users/yuandongran/Desktop/OIM3641_SP26_MyWork/.venv/lib/python3.11/site-packages/sklearn/metrics/_classification.py:1561: UserWarning: Note that pos_label (set to '>50K') is ignored when average != 'binary' (got 'weighted'). You may use labels=[pos_label] to specify a single positive class.
  warnings.warn(

2026-04-15 20:49:47,337:WARNING:/Users/yuandongran/Desktop/OIM3641_SP26_MyWork/.venv/lib/python3.11/site-packages/sklearn/metrics/_classification.py:1561: UserWarning: Note that pos_label (set to '>50K') is ignored when average != 'binary' (got 'weighted'). You may use labels=[pos_label] to specify a single positive class.
  warnings.warn(

2026-04-15 20:49:47,340:WARNING:/Users/yuandongran/Desktop/OIM3641_SP26_MyWork/.venv/lib/python3.11/site-packages/sklearn/metrics/_classification.py:1561: UserWarning: Note that pos_label (set to '>50K') is ignored when average != 'binary' (got 'weighted'). You may use labels=[pos_label] to specify a single positive class.
  warnings.warn(

2026-04-15 20:49:47,346:WARNING:/Users/yuandongran/Desktop/OIM3641_SP26_MyWork/.venv/lib/python3.11/site-packages/sklearn/metrics/_classification.py:1561: UserWarning: Note that pos_label (set to '>50K') is ignored when average != 'binary' (got 'weighted'). You may use labels=[pos_label] to specify a single positive class.
  warnings.warn(

2026-04-15 20:49:48,307:WARNING:/Users/yuandongran/Desktop/OIM3641_SP26_MyWork/.venv/lib/python3.11/site-packages/sklearn/discriminant_analysis.py:935: UserWarning: Variables are collinear
  warnings.warn("Variables are collinear")

2026-04-15 20:49:48,363:WARNING:/Users/yuandongran/Desktop/OIM3641_SP26_MyWork/.venv/lib/python3.11/site-packages/sklearn/metrics/_classification.py:1561: UserWarning: Note that pos_label (set to '>50K') is ignored when average != 'binary' (got 'weighted'). You may use labels=[pos_label] to specify a single positive class.
  warnings.warn(

2026-04-15 20:49:48,379:WARNING:/Users/yuandongran/Desktop/OIM3641_SP26_MyWork/.venv/lib/python3.11/site-packages/sklearn/metrics/_classification.py:1561: UserWarning: Note that pos_label (set to '>50K') is ignored when average != 'binary' (got 'weighted'). You may use labels=[pos_label] to specify a single positive class.
  warnings.warn(

2026-04-15 20:49:48,395:WARNING:/Users/yuandongran/Desktop/OIM3641_SP26_MyWork/.venv/lib/python3.11/site-packages/sklearn/metrics/_classification.py:1561: UserWarning: Note that pos_label (set to '>50K') is ignored when average != 'binary' (got 'weighted'). You may use labels=[pos_label] to specify a single positive class.
  warnings.warn(

2026-04-15 20:49:48,422:INFO:Calculating mean and std
2026-04-15 20:49:48,422:INFO:Creating metrics dataframe
2026-04-15 20:49:48,423:INFO:Uploading results into container
2026-04-15 20:49:48,423:INFO:Uploading model into container now
2026-04-15 20:49:48,423:INFO:_master_model_container: 8
2026-04-15 20:49:48,423:INFO:_display_container: 2
2026-04-15 20:49:48,423:INFO:QuadraticDiscriminantAnalysis(priors=None, reg_param=0.0,
                              store_covariance=False, tol=0.0001)
2026-04-15 20:49:48,423:INFO:create_model() successfully completed......................................
2026-04-15 20:49:48,464:INFO:SubProcess create_model() end ==================================
2026-04-15 20:49:48,464:INFO:Creating metrics dataframe
2026-04-15 20:49:48,464:INFO:Initializing Ada Boost Classifier
2026-04-15 20:49:48,464:INFO:Total runtime is 0.19881259997685752 minutes
2026-04-15 20:49:48,465:INFO:SubProcess create_model() called ==================================
2026-04-15 20:49:48,465:INFO:Initializing create_model()
2026-04-15 20:49:48,465:INFO:create_model(self=<pycaret.classification.oop.ClassificationExperiment object at 0x177a8fd90>, estimator=ada, fold=StratifiedKFold(n_splits=5, random_state=None, shuffle=False), round=4, cross_validation=True, predict=True, fit_kwargs={}, groups=None, refit=False, probability_threshold=None, experiment_custom_tags=None, verbose=False, system=False, add_to_model_list=True, metrics=None, display=<pycaret.internal.display.display.CommonDisplay object at 0x177a8c990>, model_only=True, return_train_score=False, error_score=0.0, kwargs={})
2026-04-15 20:49:48,465:INFO:Checking exceptions
2026-04-15 20:49:48,465:INFO:Importing libraries
2026-04-15 20:49:48,465:INFO:Copying training dataset
2026-04-15 20:49:48,469:INFO:Defining folds
2026-04-15 20:49:48,469:INFO:Declaring metric variables
2026-04-15 20:49:48,469:INFO:Importing untrained model
2026-04-15 20:49:48,469:INFO:Ada Boost Classifier Imported successfully
2026-04-15 20:49:48,469:INFO:Starting cross validation
2026-04-15 20:49:48,470:INFO:Cross validating with StratifiedKFold(n_splits=5, random_state=None, shuffle=False), n_jobs=-1
2026-04-15 20:49:48,663:WARNING:/Users/yuandongran/Desktop/OIM3641_SP26_MyWork/.venv/lib/python3.11/site-packages/sklearn/ensemble/_weight_boosting.py:519: FutureWarning: The SAMME.R algorithm (the default) is deprecated and will be removed in 1.6. Use the SAMME algorithm to circumvent this warning.
  warnings.warn(

2026-04-15 20:49:48,663:WARNING:/Users/yuandongran/Desktop/OIM3641_SP26_MyWork/.venv/lib/python3.11/site-packages/sklearn/ensemble/_weight_boosting.py:519: FutureWarning: The SAMME.R algorithm (the default) is deprecated and will be removed in 1.6. Use the SAMME algorithm to circumvent this warning.
  warnings.warn(

2026-04-15 20:49:48,665:WARNING:/Users/yuandongran/Desktop/OIM3641_SP26_MyWork/.venv/lib/python3.11/site-packages/sklearn/ensemble/_weight_boosting.py:519: FutureWarning: The SAMME.R algorithm (the default) is deprecated and will be removed in 1.6. Use the SAMME algorithm to circumvent this warning.
  warnings.warn(

2026-04-15 20:49:48,668:WARNING:/Users/yuandongran/Desktop/OIM3641_SP26_MyWork/.venv/lib/python3.11/site-packages/sklearn/ensemble/_weight_boosting.py:519: FutureWarning: The SAMME.R algorithm (the default) is deprecated and will be removed in 1.6. Use the SAMME algorithm to circumvent this warning.
  warnings.warn(

2026-04-15 20:49:48,684:WARNING:/Users/yuandongran/Desktop/OIM3641_SP26_MyWork/.venv/lib/python3.11/site-packages/sklearn/ensemble/_weight_boosting.py:519: FutureWarning: The SAMME.R algorithm (the default) is deprecated and will be removed in 1.6. Use the SAMME algorithm to circumvent this warning.
  warnings.warn(

2026-04-15 20:49:49,246:WARNING:/Users/yuandongran/Desktop/OIM3641_SP26_MyWork/.venv/lib/python3.11/site-packages/sklearn/metrics/_classification.py:1561: UserWarning: Note that pos_label (set to '>50K') is ignored when average != 'binary' (got 'weighted'). You may use labels=[pos_label] to specify a single positive class.
  warnings.warn(

2026-04-15 20:49:49,255:WARNING:/Users/yuandongran/Desktop/OIM3641_SP26_MyWork/.venv/lib/python3.11/site-packages/sklearn/metrics/_classification.py:1561: UserWarning: Note that pos_label (set to '>50K') is ignored when average != 'binary' (got 'weighted'). You may use labels=[pos_label] to specify a single positive class.
  warnings.warn(

2026-04-15 20:49:49,260:WARNING:/Users/yuandongran/Desktop/OIM3641_SP26_MyWork/.venv/lib/python3.11/site-packages/sklearn/metrics/_classification.py:1561: UserWarning: Note that pos_label (set to '>50K') is ignored when average != 'binary' (got 'weighted'). You may use labels=[pos_label] to specify a single positive class.
  warnings.warn(

2026-04-15 20:49:49,260:WARNING:/Users/yuandongran/Desktop/OIM3641_SP26_MyWork/.venv/lib/python3.11/site-packages/sklearn/metrics/_classification.py:1561: UserWarning: Note that pos_label (set to '>50K') is ignored when average != 'binary' (got 'weighted'). You may use labels=[pos_label] to specify a single positive class.
  warnings.warn(

2026-04-15 20:49:49,261:WARNING:/Users/yuandongran/Desktop/OIM3641_SP26_MyWork/.venv/lib/python3.11/site-packages/sklearn/metrics/_classification.py:1561: UserWarning: Note that pos_label (set to '>50K') is ignored when average != 'binary' (got 'weighted'). You may use labels=[pos_label] to specify a single positive class.
  warnings.warn(

2026-04-15 20:49:49,270:WARNING:/Users/yuandongran/Desktop/OIM3641_SP26_MyWork/.venv/lib/python3.11/site-packages/sklearn/metrics/_classification.py:1561: UserWarning: Note that pos_label (set to '>50K') is ignored when average != 'binary' (got 'weighted'). You may use labels=[pos_label] to specify a single positive class.
  warnings.warn(

2026-04-15 20:49:49,275:WARNING:/Users/yuandongran/Desktop/OIM3641_SP26_MyWork/.venv/lib/python3.11/site-packages/sklearn/metrics/_classification.py:1561: UserWarning: Note that pos_label (set to '>50K') is ignored when average != 'binary' (got 'weighted'). You may use labels=[pos_label] to specify a single positive class.
  warnings.warn(

2026-04-15 20:49:49,275:WARNING:/Users/yuandongran/Desktop/OIM3641_SP26_MyWork/.venv/lib/python3.11/site-packages/sklearn/metrics/_classification.py:1561: UserWarning: Note that pos_label (set to '>50K') is ignored when average != 'binary' (got 'weighted'). You may use labels=[pos_label] to specify a single positive class.
  warnings.warn(

2026-04-15 20:49:49,276:WARNING:/Users/yuandongran/Desktop/OIM3641_SP26_MyWork/.venv/lib/python3.11/site-packages/sklearn/metrics/_classification.py:1561: UserWarning: Note that pos_label (set to '>50K') is ignored when average != 'binary' (got 'weighted'). You may use labels=[pos_label] to specify a single positive class.
  warnings.warn(

2026-04-15 20:49:49,279:WARNING:/Users/yuandongran/Desktop/OIM3641_SP26_MyWork/.venv/lib/python3.11/site-packages/sklearn/metrics/_classification.py:1561: UserWarning: Note that pos_label (set to '>50K') is ignored when average != 'binary' (got 'weighted'). You may use labels=[pos_label] to specify a single positive class.
  warnings.warn(

2026-04-15 20:49:49,284:WARNING:/Users/yuandongran/Desktop/OIM3641_SP26_MyWork/.venv/lib/python3.11/site-packages/sklearn/metrics/_classification.py:1561: UserWarning: Note that pos_label (set to '>50K') is ignored when average != 'binary' (got 'weighted'). You may use labels=[pos_label] to specify a single positive class.
  warnings.warn(

2026-04-15 20:49:49,290:WARNING:/Users/yuandongran/Desktop/OIM3641_SP26_MyWork/.venv/lib/python3.11/site-packages/sklearn/metrics/_classification.py:1561: UserWarning: Note that pos_label (set to '>50K') is ignored when average != 'binary' (got 'weighted'). You may use labels=[pos_label] to specify a single positive class.
  warnings.warn(

2026-04-15 20:49:49,292:WARNING:/Users/yuandongran/Desktop/OIM3641_SP26_MyWork/.venv/lib/python3.11/site-packages/sklearn/metrics/_classification.py:1561: UserWarning: Note that pos_label (set to '>50K') is ignored when average != 'binary' (got 'weighted'). You may use labels=[pos_label] to specify a single positive class.
  warnings.warn(

2026-04-15 20:49:49,297:WARNING:/Users/yuandongran/Desktop/OIM3641_SP26_MyWork/.venv/lib/python3.11/site-packages/sklearn/metrics/_classification.py:1561: UserWarning: Note that pos_label (set to '>50K') is ignored when average != 'binary' (got 'weighted'). You may use labels=[pos_label] to specify a single positive class.
  warnings.warn(

2026-04-15 20:49:49,314:WARNING:/Users/yuandongran/Desktop/OIM3641_SP26_MyWork/.venv/lib/python3.11/site-packages/sklearn/metrics/_classification.py:1561: UserWarning: Note that pos_label (set to '>50K') is ignored when average != 'binary' (got 'weighted'). You may use labels=[pos_label] to specify a single positive class.
  warnings.warn(

2026-04-15 20:49:49,338:INFO:Calculating mean and std
2026-04-15 20:49:49,339:INFO:Creating metrics dataframe
2026-04-15 20:49:49,341:INFO:Uploading results into container
2026-04-15 20:49:49,341:INFO:Uploading model into container now
2026-04-15 20:49:49,341:INFO:_master_model_container: 9
2026-04-15 20:49:49,341:INFO:_display_container: 2
2026-04-15 20:49:49,341:INFO:AdaBoostClassifier(algorithm='SAMME.R', estimator=None, learning_rate=1.0,
                   n_estimators=50, random_state=42)
2026-04-15 20:49:49,341:INFO:create_model() successfully completed......................................
2026-04-15 20:49:49,403:INFO:SubProcess create_model() end ==================================
2026-04-15 20:49:49,403:INFO:Creating metrics dataframe
2026-04-15 20:49:49,404:INFO:Initializing Gradient Boosting Classifier
2026-04-15 20:49:49,404:INFO:Total runtime is 0.2144750515619914 minutes
2026-04-15 20:49:49,404:INFO:SubProcess create_model() called ==================================
2026-04-15 20:49:49,404:INFO:Initializing create_model()
2026-04-15 20:49:49,404:INFO:create_model(self=<pycaret.classification.oop.ClassificationExperiment object at 0x177a8fd90>, estimator=gbc, fold=StratifiedKFold(n_splits=5, random_state=None, shuffle=False), round=4, cross_validation=True, predict=True, fit_kwargs={}, groups=None, refit=False, probability_threshold=None, experiment_custom_tags=None, verbose=False, system=False, add_to_model_list=True, metrics=None, display=<pycaret.internal.display.display.CommonDisplay object at 0x177a8c990>, model_only=True, return_train_score=False, error_score=0.0, kwargs={})
2026-04-15 20:49:49,404:INFO:Checking exceptions
2026-04-15 20:49:49,404:INFO:Importing libraries
2026-04-15 20:49:49,404:INFO:Copying training dataset
2026-04-15 20:49:49,410:INFO:Defining folds
2026-04-15 20:49:49,410:INFO:Declaring metric variables
2026-04-15 20:49:49,411:INFO:Importing untrained model
2026-04-15 20:49:49,411:INFO:Gradient Boosting Classifier Imported successfully
2026-04-15 20:49:49,411:INFO:Starting cross validation
2026-04-15 20:49:49,412:INFO:Cross validating with StratifiedKFold(n_splits=5, random_state=None, shuffle=False), n_jobs=-1
2026-04-15 20:49:51,690:WARNING:/Users/yuandongran/Desktop/OIM3641_SP26_MyWork/.venv/lib/python3.11/site-packages/sklearn/metrics/_classification.py:1561: UserWarning: Note that pos_label (set to '>50K') is ignored when average != 'binary' (got 'weighted'). You may use labels=[pos_label] to specify a single positive class.
  warnings.warn(

2026-04-15 20:49:51,694:WARNING:/Users/yuandongran/Desktop/OIM3641_SP26_MyWork/.venv/lib/python3.11/site-packages/sklearn/metrics/_classification.py:1561: UserWarning: Note that pos_label (set to '>50K') is ignored when average != 'binary' (got 'weighted'). You may use labels=[pos_label] to specify a single positive class.
  warnings.warn(

2026-04-15 20:49:51,696:WARNING:/Users/yuandongran/Desktop/OIM3641_SP26_MyWork/.venv/lib/python3.11/site-packages/sklearn/metrics/_classification.py:1561: UserWarning: Note that pos_label (set to '>50K') is ignored when average != 'binary' (got 'weighted'). You may use labels=[pos_label] to specify a single positive class.
  warnings.warn(

2026-04-15 20:49:51,700:WARNING:/Users/yuandongran/Desktop/OIM3641_SP26_MyWork/.venv/lib/python3.11/site-packages/sklearn/metrics/_classification.py:1561: UserWarning: Note that pos_label (set to '>50K') is ignored when average != 'binary' (got 'weighted'). You may use labels=[pos_label] to specify a single positive class.
  warnings.warn(

2026-04-15 20:49:51,700:WARNING:/Users/yuandongran/Desktop/OIM3641_SP26_MyWork/.venv/lib/python3.11/site-packages/sklearn/metrics/_classification.py:1561: UserWarning: Note that pos_label (set to '>50K') is ignored when average != 'binary' (got 'weighted'). You may use labels=[pos_label] to specify a single positive class.
  warnings.warn(

2026-04-15 20:49:51,707:WARNING:/Users/yuandongran/Desktop/OIM3641_SP26_MyWork/.venv/lib/python3.11/site-packages/sklearn/metrics/_classification.py:1561: UserWarning: Note that pos_label (set to '>50K') is ignored when average != 'binary' (got 'weighted'). You may use labels=[pos_label] to specify a single positive class.
  warnings.warn(

2026-04-15 20:49:51,710:WARNING:/Users/yuandongran/Desktop/OIM3641_SP26_MyWork/.venv/lib/python3.11/site-packages/sklearn/metrics/_classification.py:1561: UserWarning: Note that pos_label (set to '>50K') is ignored when average != 'binary' (got 'weighted'). You may use labels=[pos_label] to specify a single positive class.
  warnings.warn(

2026-04-15 20:49:51,713:WARNING:/Users/yuandongran/Desktop/OIM3641_SP26_MyWork/.venv/lib/python3.11/site-packages/sklearn/metrics/_classification.py:1561: UserWarning: Note that pos_label (set to '>50K') is ignored when average != 'binary' (got 'weighted'). You may use labels=[pos_label] to specify a single positive class.
  warnings.warn(

2026-04-15 20:49:51,716:WARNING:/Users/yuandongran/Desktop/OIM3641_SP26_MyWork/.venv/lib/python3.11/site-packages/sklearn/metrics/_classification.py:1561: UserWarning: Note that pos_label (set to '>50K') is ignored when average != 'binary' (got 'weighted'). You may use labels=[pos_label] to specify a single positive class.
  warnings.warn(

2026-04-15 20:49:51,717:WARNING:/Users/yuandongran/Desktop/OIM3641_SP26_MyWork/.venv/lib/python3.11/site-packages/sklearn/metrics/_classification.py:1561: UserWarning: Note that pos_label (set to '>50K') is ignored when average != 'binary' (got 'weighted'). You may use labels=[pos_label] to specify a single positive class.
  warnings.warn(

2026-04-15 20:49:51,723:WARNING:/Users/yuandongran/Desktop/OIM3641_SP26_MyWork/.venv/lib/python3.11/site-packages/sklearn/metrics/_classification.py:1561: UserWarning: Note that pos_label (set to '>50K') is ignored when average != 'binary' (got 'weighted'). You may use labels=[pos_label] to specify a single positive class.
  warnings.warn(

2026-04-15 20:49:51,726:WARNING:/Users/yuandongran/Desktop/OIM3641_SP26_MyWork/.venv/lib/python3.11/site-packages/sklearn/metrics/_classification.py:1561: UserWarning: Note that pos_label (set to '>50K') is ignored when average != 'binary' (got 'weighted'). You may use labels=[pos_label] to specify a single positive class.
  warnings.warn(

2026-04-15 20:49:51,730:WARNING:/Users/yuandongran/Desktop/OIM3641_SP26_MyWork/.venv/lib/python3.11/site-packages/sklearn/metrics/_classification.py:1561: UserWarning: Note that pos_label (set to '>50K') is ignored when average != 'binary' (got 'weighted'). You may use labels=[pos_label] to specify a single positive class.
  warnings.warn(

2026-04-15 20:49:51,732:WARNING:/Users/yuandongran/Desktop/OIM3641_SP26_MyWork/.venv/lib/python3.11/site-packages/sklearn/metrics/_classification.py:1561: UserWarning: Note that pos_label (set to '>50K') is ignored when average != 'binary' (got 'weighted'). You may use labels=[pos_label] to specify a single positive class.
  warnings.warn(

2026-04-15 20:49:51,733:WARNING:/Users/yuandongran/Desktop/OIM3641_SP26_MyWork/.venv/lib/python3.11/site-packages/sklearn/metrics/_classification.py:1561: UserWarning: Note that pos_label (set to '>50K') is ignored when average != 'binary' (got 'weighted'). You may use labels=[pos_label] to specify a single positive class.
  warnings.warn(

2026-04-15 20:49:51,764:INFO:Calculating mean and std
2026-04-15 20:49:51,764:INFO:Creating metrics dataframe
2026-04-15 20:49:51,766:INFO:Uploading results into container
2026-04-15 20:49:51,766:INFO:Uploading model into container now
2026-04-15 20:49:51,767:INFO:_master_model_container: 10
2026-04-15 20:49:51,767:INFO:_display_container: 2
2026-04-15 20:49:51,767:INFO:GradientBoostingClassifier(ccp_alpha=0.0, criterion='friedman_mse', init=None,
                           learning_rate=0.1, loss='log_loss', max_depth=3,
                           max_features=None, max_leaf_nodes=None,
                           min_impurity_decrease=0.0, min_samples_leaf=1,
                           min_samples_split=2, min_weight_fraction_leaf=0.0,
                           n_estimators=100, n_iter_no_change=None,
                           random_state=42, subsample=1.0, tol=0.0001,
                           validation_fraction=0.1, verbose=0,
                           warm_start=False)
2026-04-15 20:49:51,767:INFO:create_model() successfully completed......................................
2026-04-15 20:49:51,813:INFO:SubProcess create_model() end ==================================
2026-04-15 20:49:51,813:INFO:Creating metrics dataframe
2026-04-15 20:49:51,814:INFO:Initializing Linear Discriminant Analysis
2026-04-15 20:49:51,814:INFO:Total runtime is 0.25464080174764 minutes
2026-04-15 20:49:51,814:INFO:SubProcess create_model() called ==================================
2026-04-15 20:49:51,814:INFO:Initializing create_model()
2026-04-15 20:49:51,814:INFO:create_model(self=<pycaret.classification.oop.ClassificationExperiment object at 0x177a8fd90>, estimator=lda, fold=StratifiedKFold(n_splits=5, random_state=None, shuffle=False), round=4, cross_validation=True, predict=True, fit_kwargs={}, groups=None, refit=False, probability_threshold=None, experiment_custom_tags=None, verbose=False, system=False, add_to_model_list=True, metrics=None, display=<pycaret.internal.display.display.CommonDisplay object at 0x177a8c990>, model_only=True, return_train_score=False, error_score=0.0, kwargs={})
2026-04-15 20:49:51,814:INFO:Checking exceptions
2026-04-15 20:49:51,814:INFO:Importing libraries
2026-04-15 20:49:51,814:INFO:Copying training dataset
2026-04-15 20:49:51,818:INFO:Defining folds
2026-04-15 20:49:51,818:INFO:Declaring metric variables
2026-04-15 20:49:51,818:INFO:Importing untrained model
2026-04-15 20:49:51,819:INFO:Linear Discriminant Analysis Imported successfully
2026-04-15 20:49:51,819:INFO:Starting cross validation
2026-04-15 20:49:51,819:INFO:Cross validating with StratifiedKFold(n_splits=5, random_state=None, shuffle=False), n_jobs=-1
2026-04-15 20:49:52,229:WARNING:/Users/yuandongran/Desktop/OIM3641_SP26_MyWork/.venv/lib/python3.11/site-packages/sklearn/metrics/_classification.py:1561: UserWarning: Note that pos_label (set to '>50K') is ignored when average != 'binary' (got 'weighted'). You may use labels=[pos_label] to specify a single positive class.
  warnings.warn(

2026-04-15 20:49:52,240:WARNING:/Users/yuandongran/Desktop/OIM3641_SP26_MyWork/.venv/lib/python3.11/site-packages/sklearn/metrics/_classification.py:1561: UserWarning: Note that pos_label (set to '>50K') is ignored when average != 'binary' (got 'weighted'). You may use labels=[pos_label] to specify a single positive class.
  warnings.warn(

2026-04-15 20:49:52,240:WARNING:/Users/yuandongran/Desktop/OIM3641_SP26_MyWork/.venv/lib/python3.11/site-packages/sklearn/metrics/_classification.py:1561: UserWarning: Note that pos_label (set to '>50K') is ignored when average != 'binary' (got 'weighted'). You may use labels=[pos_label] to specify a single positive class.
  warnings.warn(

2026-04-15 20:49:52,241:WARNING:/Users/yuandongran/Desktop/OIM3641_SP26_MyWork/.venv/lib/python3.11/site-packages/sklearn/metrics/_classification.py:1561: UserWarning: Note that pos_label (set to '>50K') is ignored when average != 'binary' (got 'weighted'). You may use labels=[pos_label] to specify a single positive class.
  warnings.warn(

2026-04-15 20:49:52,244:WARNING:/Users/yuandongran/Desktop/OIM3641_SP26_MyWork/.venv/lib/python3.11/site-packages/sklearn/metrics/_classification.py:1561: UserWarning: Note that pos_label (set to '>50K') is ignored when average != 'binary' (got 'weighted'). You may use labels=[pos_label] to specify a single positive class.
  warnings.warn(

2026-04-15 20:49:52,248:WARNING:/Users/yuandongran/Desktop/OIM3641_SP26_MyWork/.venv/lib/python3.11/site-packages/sklearn/metrics/_classification.py:1561: UserWarning: Note that pos_label (set to '>50K') is ignored when average != 'binary' (got 'weighted'). You may use labels=[pos_label] to specify a single positive class.
  warnings.warn(

2026-04-15 20:49:52,255:WARNING:/Users/yuandongran/Desktop/OIM3641_SP26_MyWork/.venv/lib/python3.11/site-packages/sklearn/metrics/_classification.py:1561: UserWarning: Note that pos_label (set to '>50K') is ignored when average != 'binary' (got 'weighted'). You may use labels=[pos_label] to specify a single positive class.
  warnings.warn(

2026-04-15 20:49:52,256:WARNING:/Users/yuandongran/Desktop/OIM3641_SP26_MyWork/.venv/lib/python3.11/site-packages/sklearn/metrics/_classification.py:1561: UserWarning: Note that pos_label (set to '>50K') is ignored when average != 'binary' (got 'weighted'). You may use labels=[pos_label] to specify a single positive class.
  warnings.warn(

2026-04-15 20:49:52,258:WARNING:/Users/yuandongran/Desktop/OIM3641_SP26_MyWork/.venv/lib/python3.11/site-packages/sklearn/metrics/_classification.py:1561: UserWarning: Note that pos_label (set to '>50K') is ignored when average != 'binary' (got 'weighted'). You may use labels=[pos_label] to specify a single positive class.
  warnings.warn(

2026-04-15 20:49:52,259:WARNING:/Users/yuandongran/Desktop/OIM3641_SP26_MyWork/.venv/lib/python3.11/site-packages/sklearn/metrics/_classification.py:1561: UserWarning: Note that pos_label (set to '>50K') is ignored when average != 'binary' (got 'weighted'). You may use labels=[pos_label] to specify a single positive class.
  warnings.warn(

2026-04-15 20:49:52,264:WARNING:/Users/yuandongran/Desktop/OIM3641_SP26_MyWork/.venv/lib/python3.11/site-packages/sklearn/metrics/_classification.py:1561: UserWarning: Note that pos_label (set to '>50K') is ignored when average != 'binary' (got 'weighted'). You may use labels=[pos_label] to specify a single positive class.
  warnings.warn(

2026-04-15 20:49:52,271:WARNING:/Users/yuandongran/Desktop/OIM3641_SP26_MyWork/.venv/lib/python3.11/site-packages/sklearn/metrics/_classification.py:1561: UserWarning: Note that pos_label (set to '>50K') is ignored when average != 'binary' (got 'weighted'). You may use labels=[pos_label] to specify a single positive class.
  warnings.warn(

2026-04-15 20:49:52,272:WARNING:/Users/yuandongran/Desktop/OIM3641_SP26_MyWork/.venv/lib/python3.11/site-packages/sklearn/metrics/_classification.py:1561: UserWarning: Note that pos_label (set to '>50K') is ignored when average != 'binary' (got 'weighted'). You may use labels=[pos_label] to specify a single positive class.
  warnings.warn(

2026-04-15 20:49:52,274:WARNING:/Users/yuandongran/Desktop/OIM3641_SP26_MyWork/.venv/lib/python3.11/site-packages/sklearn/metrics/_classification.py:1561: UserWarning: Note that pos_label (set to '>50K') is ignored when average != 'binary' (got 'weighted'). You may use labels=[pos_label] to specify a single positive class.
  warnings.warn(

2026-04-15 20:49:52,279:WARNING:/Users/yuandongran/Desktop/OIM3641_SP26_MyWork/.venv/lib/python3.11/site-packages/sklearn/metrics/_classification.py:1561: UserWarning: Note that pos_label (set to '>50K') is ignored when average != 'binary' (got 'weighted'). You may use labels=[pos_label] to specify a single positive class.
  warnings.warn(

2026-04-15 20:49:52,305:INFO:Calculating mean and std
2026-04-15 20:49:52,305:INFO:Creating metrics dataframe
2026-04-15 20:49:52,306:INFO:Uploading results into container
2026-04-15 20:49:52,306:INFO:Uploading model into container now
2026-04-15 20:49:52,306:INFO:_master_model_container: 11
2026-04-15 20:49:52,306:INFO:_display_container: 2
2026-04-15 20:49:52,306:INFO:LinearDiscriminantAnalysis(covariance_estimator=None, n_components=None,
                           priors=None, shrinkage=None, solver='svd',
                           store_covariance=False, tol=0.0001)
2026-04-15 20:49:52,306:INFO:create_model() successfully completed......................................
2026-04-15 20:49:52,343:INFO:SubProcess create_model() end ==================================
2026-04-15 20:49:52,343:INFO:Creating metrics dataframe
2026-04-15 20:49:52,344:INFO:Initializing Extra Trees Classifier
2026-04-15 20:49:52,344:INFO:Total runtime is 0.26347450017929075 minutes
2026-04-15 20:49:52,344:INFO:SubProcess create_model() called ==================================
2026-04-15 20:49:52,344:INFO:Initializing create_model()
2026-04-15 20:49:52,344:INFO:create_model(self=<pycaret.classification.oop.ClassificationExperiment object at 0x177a8fd90>, estimator=et, fold=StratifiedKFold(n_splits=5, random_state=None, shuffle=False), round=4, cross_validation=True, predict=True, fit_kwargs={}, groups=None, refit=False, probability_threshold=None, experiment_custom_tags=None, verbose=False, system=False, add_to_model_list=True, metrics=None, display=<pycaret.internal.display.display.CommonDisplay object at 0x177a8c990>, model_only=True, return_train_score=False, error_score=0.0, kwargs={})
2026-04-15 20:49:52,344:INFO:Checking exceptions
2026-04-15 20:49:52,344:INFO:Importing libraries
2026-04-15 20:49:52,344:INFO:Copying training dataset
2026-04-15 20:49:52,348:INFO:Defining folds
2026-04-15 20:49:52,348:INFO:Declaring metric variables
2026-04-15 20:49:52,349:INFO:Importing untrained model
2026-04-15 20:49:52,349:INFO:Extra Trees Classifier Imported successfully
2026-04-15 20:49:52,349:INFO:Starting cross validation
2026-04-15 20:49:52,349:INFO:Cross validating with StratifiedKFold(n_splits=5, random_state=None, shuffle=False), n_jobs=-1
2026-04-15 20:49:53,595:WARNING:/Users/yuandongran/Desktop/OIM3641_SP26_MyWork/.venv/lib/python3.11/site-packages/sklearn/metrics/_classification.py:1561: UserWarning: Note that pos_label (set to '>50K') is ignored when average != 'binary' (got 'weighted'). You may use labels=[pos_label] to specify a single positive class.
  warnings.warn(

2026-04-15 20:49:53,619:WARNING:/Users/yuandongran/Desktop/OIM3641_SP26_MyWork/.venv/lib/python3.11/site-packages/sklearn/metrics/_classification.py:1561: UserWarning: Note that pos_label (set to '>50K') is ignored when average != 'binary' (got 'weighted'). You may use labels=[pos_label] to specify a single positive class.
  warnings.warn(

2026-04-15 20:49:53,707:WARNING:/Users/yuandongran/Desktop/OIM3641_SP26_MyWork/.venv/lib/python3.11/site-packages/sklearn/metrics/_classification.py:1561: UserWarning: Note that pos_label (set to '>50K') is ignored when average != 'binary' (got 'weighted'). You may use labels=[pos_label] to specify a single positive class.
  warnings.warn(

2026-04-15 20:49:53,733:WARNING:/Users/yuandongran/Desktop/OIM3641_SP26_MyWork/.venv/lib/python3.11/site-packages/sklearn/metrics/_classification.py:1561: UserWarning: Note that pos_label (set to '>50K') is ignored when average != 'binary' (got 'weighted'). You may use labels=[pos_label] to specify a single positive class.
  warnings.warn(

2026-04-15 20:49:53,756:WARNING:/Users/yuandongran/Desktop/OIM3641_SP26_MyWork/.venv/lib/python3.11/site-packages/sklearn/metrics/_classification.py:1561: UserWarning: Note that pos_label (set to '>50K') is ignored when average != 'binary' (got 'weighted'). You may use labels=[pos_label] to specify a single positive class.
  warnings.warn(

2026-04-15 20:49:53,757:WARNING:/Users/yuandongran/Desktop/OIM3641_SP26_MyWork/.venv/lib/python3.11/site-packages/sklearn/metrics/_classification.py:1561: UserWarning: Note that pos_label (set to '>50K') is ignored when average != 'binary' (got 'weighted'). You may use labels=[pos_label] to specify a single positive class.
  warnings.warn(

2026-04-15 20:49:53,759:WARNING:/Users/yuandongran/Desktop/OIM3641_SP26_MyWork/.venv/lib/python3.11/site-packages/sklearn/metrics/_classification.py:1561: UserWarning: Note that pos_label (set to '>50K') is ignored when average != 'binary' (got 'weighted'). You may use labels=[pos_label] to specify a single positive class.
  warnings.warn(

2026-04-15 20:49:53,773:WARNING:/Users/yuandongran/Desktop/OIM3641_SP26_MyWork/.venv/lib/python3.11/site-packages/sklearn/metrics/_classification.py:1561: UserWarning: Note that pos_label (set to '>50K') is ignored when average != 'binary' (got 'weighted'). You may use labels=[pos_label] to specify a single positive class.
  warnings.warn(

2026-04-15 20:49:53,773:WARNING:/Users/yuandongran/Desktop/OIM3641_SP26_MyWork/.venv/lib/python3.11/site-packages/sklearn/metrics/_classification.py:1561: UserWarning: Note that pos_label (set to '>50K') is ignored when average != 'binary' (got 'weighted'). You may use labels=[pos_label] to specify a single positive class.
  warnings.warn(

2026-04-15 20:49:53,774:WARNING:/Users/yuandongran/Desktop/OIM3641_SP26_MyWork/.venv/lib/python3.11/site-packages/sklearn/metrics/_classification.py:1561: UserWarning: Note that pos_label (set to '>50K') is ignored when average != 'binary' (got 'weighted'). You may use labels=[pos_label] to specify a single positive class.
  warnings.warn(

2026-04-15 20:49:53,775:WARNING:/Users/yuandongran/Desktop/OIM3641_SP26_MyWork/.venv/lib/python3.11/site-packages/sklearn/metrics/_classification.py:1561: UserWarning: Note that pos_label (set to '>50K') is ignored when average != 'binary' (got 'weighted'). You may use labels=[pos_label] to specify a single positive class.
  warnings.warn(

2026-04-15 20:49:53,789:WARNING:/Users/yuandongran/Desktop/OIM3641_SP26_MyWork/.venv/lib/python3.11/site-packages/sklearn/metrics/_classification.py:1561: UserWarning: Note that pos_label (set to '>50K') is ignored when average != 'binary' (got 'weighted'). You may use labels=[pos_label] to specify a single positive class.
  warnings.warn(

2026-04-15 20:49:53,790:WARNING:/Users/yuandongran/Desktop/OIM3641_SP26_MyWork/.venv/lib/python3.11/site-packages/sklearn/metrics/_classification.py:1561: UserWarning: Note that pos_label (set to '>50K') is ignored when average != 'binary' (got 'weighted'). You may use labels=[pos_label] to specify a single positive class.
  warnings.warn(

2026-04-15 20:49:53,790:WARNING:/Users/yuandongran/Desktop/OIM3641_SP26_MyWork/.venv/lib/python3.11/site-packages/sklearn/metrics/_classification.py:1561: UserWarning: Note that pos_label (set to '>50K') is ignored when average != 'binary' (got 'weighted'). You may use labels=[pos_label] to specify a single positive class.
  warnings.warn(

2026-04-15 20:49:53,806:WARNING:/Users/yuandongran/Desktop/OIM3641_SP26_MyWork/.venv/lib/python3.11/site-packages/sklearn/metrics/_classification.py:1561: UserWarning: Note that pos_label (set to '>50K') is ignored when average != 'binary' (got 'weighted'). You may use labels=[pos_label] to specify a single positive class.
  warnings.warn(

2026-04-15 20:49:53,828:INFO:Calculating mean and std
2026-04-15 20:49:53,829:INFO:Creating metrics dataframe
2026-04-15 20:49:53,830:INFO:Uploading results into container
2026-04-15 20:49:53,830:INFO:Uploading model into container now
2026-04-15 20:49:53,830:INFO:_master_model_container: 12
2026-04-15 20:49:53,830:INFO:_display_container: 2
2026-04-15 20:49:53,830:INFO:ExtraTreesClassifier(bootstrap=False, ccp_alpha=0.0, class_weight=None,
                     criterion='gini', max_depth=None, max_features='sqrt',
                     max_leaf_nodes=None, max_samples=None,
                     min_impurity_decrease=0.0, min_samples_leaf=1,
                     min_samples_split=2, min_weight_fraction_leaf=0.0,
                     monotonic_cst=None, n_estimators=100, n_jobs=-1,
                     oob_score=False, random_state=42, verbose=0,
                     warm_start=False)
2026-04-15 20:49:53,830:INFO:create_model() successfully completed......................................
2026-04-15 20:49:53,878:INFO:SubProcess create_model() end ==================================
2026-04-15 20:49:53,878:INFO:Creating metrics dataframe
2026-04-15 20:49:53,879:INFO:Initializing Light Gradient Boosting Machine
2026-04-15 20:49:53,879:INFO:Total runtime is 0.28905201752980547 minutes
2026-04-15 20:49:53,879:INFO:SubProcess create_model() called ==================================
2026-04-15 20:49:53,879:INFO:Initializing create_model()
2026-04-15 20:49:53,879:INFO:create_model(self=<pycaret.classification.oop.ClassificationExperiment object at 0x177a8fd90>, estimator=lightgbm, fold=StratifiedKFold(n_splits=5, random_state=None, shuffle=False), round=4, cross_validation=True, predict=True, fit_kwargs={}, groups=None, refit=False, probability_threshold=None, experiment_custom_tags=None, verbose=False, system=False, add_to_model_list=True, metrics=None, display=<pycaret.internal.display.display.CommonDisplay object at 0x177a8c990>, model_only=True, return_train_score=False, error_score=0.0, kwargs={})
2026-04-15 20:49:53,879:INFO:Checking exceptions
2026-04-15 20:49:53,879:INFO:Importing libraries
2026-04-15 20:49:53,879:INFO:Copying training dataset
2026-04-15 20:49:53,884:INFO:Defining folds
2026-04-15 20:49:53,884:INFO:Declaring metric variables
2026-04-15 20:49:53,884:INFO:Importing untrained model
2026-04-15 20:49:53,884:INFO:Light Gradient Boosting Machine Imported successfully
2026-04-15 20:49:53,884:INFO:Starting cross validation
2026-04-15 20:49:53,885:INFO:Cross validating with StratifiedKFold(n_splits=5, random_state=None, shuffle=False), n_jobs=-1
2026-04-15 20:49:56,194:WARNING:/Users/yuandongran/Desktop/OIM3641_SP26_MyWork/.venv/lib/python3.11/site-packages/sklearn/metrics/_classification.py:1561: UserWarning: Note that pos_label (set to '>50K') is ignored when average != 'binary' (got 'weighted'). You may use labels=[pos_label] to specify a single positive class.
  warnings.warn(

2026-04-15 20:49:56,212:WARNING:/Users/yuandongran/Desktop/OIM3641_SP26_MyWork/.venv/lib/python3.11/site-packages/sklearn/metrics/_classification.py:1561: UserWarning: Note that pos_label (set to '>50K') is ignored when average != 'binary' (got 'weighted'). You may use labels=[pos_label] to specify a single positive class.
  warnings.warn(

2026-04-15 20:49:56,214:WARNING:/Users/yuandongran/Desktop/OIM3641_SP26_MyWork/.venv/lib/python3.11/site-packages/sklearn/metrics/_classification.py:1561: UserWarning: Note that pos_label (set to '>50K') is ignored when average != 'binary' (got 'weighted'). You may use labels=[pos_label] to specify a single positive class.
  warnings.warn(

2026-04-15 20:49:56,228:WARNING:/Users/yuandongran/Desktop/OIM3641_SP26_MyWork/.venv/lib/python3.11/site-packages/sklearn/metrics/_classification.py:1561: UserWarning: Note that pos_label (set to '>50K') is ignored when average != 'binary' (got 'weighted'). You may use labels=[pos_label] to specify a single positive class.
  warnings.warn(

2026-04-15 20:49:56,230:WARNING:/Users/yuandongran/Desktop/OIM3641_SP26_MyWork/.venv/lib/python3.11/site-packages/sklearn/metrics/_classification.py:1561: UserWarning: Note that pos_label (set to '>50K') is ignored when average != 'binary' (got 'weighted'). You may use labels=[pos_label] to specify a single positive class.
  warnings.warn(

2026-04-15 20:49:56,244:WARNING:/Users/yuandongran/Desktop/OIM3641_SP26_MyWork/.venv/lib/python3.11/site-packages/sklearn/metrics/_classification.py:1561: UserWarning: Note that pos_label (set to '>50K') is ignored when average != 'binary' (got 'weighted'). You may use labels=[pos_label] to specify a single positive class.
  warnings.warn(

2026-04-15 20:49:56,375:WARNING:/Users/yuandongran/Desktop/OIM3641_SP26_MyWork/.venv/lib/python3.11/site-packages/sklearn/metrics/_classification.py:1561: UserWarning: Note that pos_label (set to '>50K') is ignored when average != 'binary' (got 'weighted'). You may use labels=[pos_label] to specify a single positive class.
  warnings.warn(

2026-04-15 20:49:56,397:WARNING:/Users/yuandongran/Desktop/OIM3641_SP26_MyWork/.venv/lib/python3.11/site-packages/sklearn/metrics/_classification.py:1561: UserWarning: Note that pos_label (set to '>50K') is ignored when average != 'binary' (got 'weighted'). You may use labels=[pos_label] to specify a single positive class.
  warnings.warn(

2026-04-15 20:49:56,413:WARNING:/Users/yuandongran/Desktop/OIM3641_SP26_MyWork/.venv/lib/python3.11/site-packages/sklearn/metrics/_classification.py:1561: UserWarning: Note that pos_label (set to '>50K') is ignored when average != 'binary' (got 'weighted'). You may use labels=[pos_label] to specify a single positive class.
  warnings.warn(

2026-04-15 20:49:56,416:WARNING:/Users/yuandongran/Desktop/OIM3641_SP26_MyWork/.venv/lib/python3.11/site-packages/sklearn/metrics/_classification.py:1561: UserWarning: Note that pos_label (set to '>50K') is ignored when average != 'binary' (got 'weighted'). You may use labels=[pos_label] to specify a single positive class.
  warnings.warn(

2026-04-15 20:49:56,433:WARNING:/Users/yuandongran/Desktop/OIM3641_SP26_MyWork/.venv/lib/python3.11/site-packages/sklearn/metrics/_classification.py:1561: UserWarning: Note that pos_label (set to '>50K') is ignored when average != 'binary' (got 'weighted'). You may use labels=[pos_label] to specify a single positive class.
  warnings.warn(

2026-04-15 20:49:56,455:WARNING:/Users/yuandongran/Desktop/OIM3641_SP26_MyWork/.venv/lib/python3.11/site-packages/sklearn/metrics/_classification.py:1561: UserWarning: Note that pos_label (set to '>50K') is ignored when average != 'binary' (got 'weighted'). You may use labels=[pos_label] to specify a single positive class.
  warnings.warn(

2026-04-15 20:49:56,540:WARNING:/Users/yuandongran/Desktop/OIM3641_SP26_MyWork/.venv/lib/python3.11/site-packages/sklearn/metrics/_classification.py:1561: UserWarning: Note that pos_label (set to '>50K') is ignored when average != 'binary' (got 'weighted'). You may use labels=[pos_label] to specify a single positive class.
  warnings.warn(

2026-04-15 20:49:56,555:WARNING:/Users/yuandongran/Desktop/OIM3641_SP26_MyWork/.venv/lib/python3.11/site-packages/sklearn/metrics/_classification.py:1561: UserWarning: Note that pos_label (set to '>50K') is ignored when average != 'binary' (got 'weighted'). You may use labels=[pos_label] to specify a single positive class.
  warnings.warn(

2026-04-15 20:49:56,571:WARNING:/Users/yuandongran/Desktop/OIM3641_SP26_MyWork/.venv/lib/python3.11/site-packages/sklearn/metrics/_classification.py:1561: UserWarning: Note that pos_label (set to '>50K') is ignored when average != 'binary' (got 'weighted'). You may use labels=[pos_label] to specify a single positive class.
  warnings.warn(

2026-04-15 20:49:56,596:INFO:Calculating mean and std
2026-04-15 20:49:56,598:INFO:Creating metrics dataframe
2026-04-15 20:49:56,602:INFO:Uploading results into container
2026-04-15 20:49:56,602:INFO:Uploading model into container now
2026-04-15 20:49:56,603:INFO:_master_model_container: 13
2026-04-15 20:49:56,603:INFO:_display_container: 2
2026-04-15 20:49:56,603:INFO:LGBMClassifier(boosting_type='gbdt', class_weight=None, colsample_bytree=1.0,
               importance_type='split', learning_rate=0.1, max_depth=-1,
               min_child_samples=20, min_child_weight=0.001, min_split_gain=0.0,
               n_estimators=100, n_jobs=-1, num_leaves=31, objective=None,
               random_state=42, reg_alpha=0.0, reg_lambda=0.0, subsample=1.0,
               subsample_for_bin=200000, subsample_freq=0)
2026-04-15 20:49:56,603:INFO:create_model() successfully completed......................................
2026-04-15 20:49:56,664:INFO:SubProcess create_model() end ==================================
2026-04-15 20:49:56,664:INFO:Creating metrics dataframe
2026-04-15 20:49:56,665:INFO:Initializing Dummy Classifier
2026-04-15 20:49:56,665:INFO:Total runtime is 0.3354865829149882 minutes
2026-04-15 20:49:56,665:INFO:SubProcess create_model() called ==================================
2026-04-15 20:49:56,665:INFO:Initializing create_model()
2026-04-15 20:49:56,665:INFO:create_model(self=<pycaret.classification.oop.ClassificationExperiment object at 0x177a8fd90>, estimator=dummy, fold=StratifiedKFold(n_splits=5, random_state=None, shuffle=False), round=4, cross_validation=True, predict=True, fit_kwargs={}, groups=None, refit=False, probability_threshold=None, experiment_custom_tags=None, verbose=False, system=False, add_to_model_list=True, metrics=None, display=<pycaret.internal.display.display.CommonDisplay object at 0x177a8c990>, model_only=True, return_train_score=False, error_score=0.0, kwargs={})
2026-04-15 20:49:56,665:INFO:Checking exceptions
2026-04-15 20:49:56,665:INFO:Importing libraries
2026-04-15 20:49:56,665:INFO:Copying training dataset
2026-04-15 20:49:56,670:INFO:Defining folds
2026-04-15 20:49:56,670:INFO:Declaring metric variables
2026-04-15 20:49:56,670:INFO:Importing untrained model
2026-04-15 20:49:56,670:INFO:Dummy Classifier Imported successfully
2026-04-15 20:49:56,670:INFO:Starting cross validation
2026-04-15 20:49:56,671:INFO:Cross validating with StratifiedKFold(n_splits=5, random_state=None, shuffle=False), n_jobs=-1
2026-04-15 20:49:56,967:WARNING:/Users/yuandongran/Desktop/OIM3641_SP26_MyWork/.venv/lib/python3.11/site-packages/sklearn/metrics/_classification.py:1561: UserWarning: Note that pos_label (set to '>50K') is ignored when average != 'binary' (got 'weighted'). You may use labels=[pos_label] to specify a single positive class.
  warnings.warn(

2026-04-15 20:49:56,973:WARNING:/Users/yuandongran/Desktop/OIM3641_SP26_MyWork/.venv/lib/python3.11/site-packages/sklearn/metrics/_classification.py:1561: UserWarning: Note that pos_label (set to '>50K') is ignored when average != 'binary' (got 'weighted'). You may use labels=[pos_label] to specify a single positive class.
  warnings.warn(

2026-04-15 20:49:56,973:WARNING:/Users/yuandongran/Desktop/OIM3641_SP26_MyWork/.venv/lib/python3.11/site-packages/sklearn/metrics/_classification.py:1561: UserWarning: Note that pos_label (set to '>50K') is ignored when average != 'binary' (got 'weighted'). You may use labels=[pos_label] to specify a single positive class.
  warnings.warn(

2026-04-15 20:49:56,983:WARNING:/Users/yuandongran/Desktop/OIM3641_SP26_MyWork/.venv/lib/python3.11/site-packages/sklearn/metrics/_classification.py:1561: UserWarning: Note that pos_label (set to '>50K') is ignored when average != 'binary' (got 'weighted'). You may use labels=[pos_label] to specify a single positive class.
  warnings.warn(

2026-04-15 20:49:56,988:WARNING:/Users/yuandongran/Desktop/OIM3641_SP26_MyWork/.venv/lib/python3.11/site-packages/sklearn/metrics/_classification.py:1561: UserWarning: Note that pos_label (set to '>50K') is ignored when average != 'binary' (got 'weighted'). You may use labels=[pos_label] to specify a single positive class.
  warnings.warn(

2026-04-15 20:49:56,989:WARNING:/Users/yuandongran/Desktop/OIM3641_SP26_MyWork/.venv/lib/python3.11/site-packages/sklearn/metrics/_classification.py:1561: UserWarning: Note that pos_label (set to '>50K') is ignored when average != 'binary' (got 'weighted'). You may use labels=[pos_label] to specify a single positive class.
  warnings.warn(

2026-04-15 20:49:56,991:WARNING:/Users/yuandongran/Desktop/OIM3641_SP26_MyWork/.venv/lib/python3.11/site-packages/sklearn/metrics/_classification.py:1561: UserWarning: Note that pos_label (set to '>50K') is ignored when average != 'binary' (got 'weighted'). You may use labels=[pos_label] to specify a single positive class.
  warnings.warn(

2026-04-15 20:49:56,992:WARNING:/Users/yuandongran/Desktop/OIM3641_SP26_MyWork/.venv/lib/python3.11/site-packages/sklearn/metrics/_classification.py:1509: UndefinedMetricWarning: Precision is ill-defined and being set to 0.0 in labels with no predicted samples. Use `zero_division` parameter to control this behavior.
  _warn_prf(average, modifier, f"{metric.capitalize()} is", len(result))

2026-04-15 20:49:56,997:WARNING:/Users/yuandongran/Desktop/OIM3641_SP26_MyWork/.venv/lib/python3.11/site-packages/sklearn/metrics/_classification.py:1509: UndefinedMetricWarning: Precision is ill-defined and being set to 0.0 in labels with no predicted samples. Use `zero_division` parameter to control this behavior.
  _warn_prf(average, modifier, f"{metric.capitalize()} is", len(result))

2026-04-15 20:49:56,998:WARNING:/Users/yuandongran/Desktop/OIM3641_SP26_MyWork/.venv/lib/python3.11/site-packages/sklearn/metrics/_classification.py:1561: UserWarning: Note that pos_label (set to '>50K') is ignored when average != 'binary' (got 'weighted'). You may use labels=[pos_label] to specify a single positive class.
  warnings.warn(

2026-04-15 20:49:56,999:WARNING:/Users/yuandongran/Desktop/OIM3641_SP26_MyWork/.venv/lib/python3.11/site-packages/sklearn/metrics/_classification.py:1561: UserWarning: Note that pos_label (set to '>50K') is ignored when average != 'binary' (got 'weighted'). You may use labels=[pos_label] to specify a single positive class.
  warnings.warn(

2026-04-15 20:49:57,001:WARNING:/Users/yuandongran/Desktop/OIM3641_SP26_MyWork/.venv/lib/python3.11/site-packages/sklearn/metrics/_classification.py:1509: UndefinedMetricWarning: Precision is ill-defined and being set to 0.0 in labels with no predicted samples. Use `zero_division` parameter to control this behavior.
  _warn_prf(average, modifier, f"{metric.capitalize()} is", len(result))

2026-04-15 20:49:57,003:WARNING:/Users/yuandongran/Desktop/OIM3641_SP26_MyWork/.venv/lib/python3.11/site-packages/sklearn/metrics/_classification.py:1561: UserWarning: Note that pos_label (set to '>50K') is ignored when average != 'binary' (got 'weighted'). You may use labels=[pos_label] to specify a single positive class.
  warnings.warn(

2026-04-15 20:49:57,004:WARNING:/Users/yuandongran/Desktop/OIM3641_SP26_MyWork/.venv/lib/python3.11/site-packages/sklearn/metrics/_classification.py:1561: UserWarning: Note that pos_label (set to '>50K') is ignored when average != 'binary' (got 'weighted'). You may use labels=[pos_label] to specify a single positive class.
  warnings.warn(

2026-04-15 20:49:57,009:WARNING:/Users/yuandongran/Desktop/OIM3641_SP26_MyWork/.venv/lib/python3.11/site-packages/sklearn/metrics/_classification.py:1561: UserWarning: Note that pos_label (set to '>50K') is ignored when average != 'binary' (got 'weighted'). You may use labels=[pos_label] to specify a single positive class.
  warnings.warn(

2026-04-15 20:49:57,011:WARNING:/Users/yuandongran/Desktop/OIM3641_SP26_MyWork/.venv/lib/python3.11/site-packages/sklearn/metrics/_classification.py:1509: UndefinedMetricWarning: Precision is ill-defined and being set to 0.0 in labels with no predicted samples. Use `zero_division` parameter to control this behavior.
  _warn_prf(average, modifier, f"{metric.capitalize()} is", len(result))

2026-04-15 20:49:57,014:WARNING:/Users/yuandongran/Desktop/OIM3641_SP26_MyWork/.venv/lib/python3.11/site-packages/sklearn/metrics/_classification.py:1561: UserWarning: Note that pos_label (set to '>50K') is ignored when average != 'binary' (got 'weighted'). You may use labels=[pos_label] to specify a single positive class.
  warnings.warn(

2026-04-15 20:49:57,018:WARNING:/Users/yuandongran/Desktop/OIM3641_SP26_MyWork/.venv/lib/python3.11/site-packages/sklearn/metrics/_classification.py:1561: UserWarning: Note that pos_label (set to '>50K') is ignored when average != 'binary' (got 'weighted'). You may use labels=[pos_label] to specify a single positive class.
  warnings.warn(

2026-04-15 20:49:57,022:WARNING:/Users/yuandongran/Desktop/OIM3641_SP26_MyWork/.venv/lib/python3.11/site-packages/sklearn/metrics/_classification.py:1509: UndefinedMetricWarning: Precision is ill-defined and being set to 0.0 in labels with no predicted samples. Use `zero_division` parameter to control this behavior.
  _warn_prf(average, modifier, f"{metric.capitalize()} is", len(result))

2026-04-15 20:49:57,028:WARNING:/Users/yuandongran/Desktop/OIM3641_SP26_MyWork/.venv/lib/python3.11/site-packages/sklearn/metrics/_classification.py:1561: UserWarning: Note that pos_label (set to '>50K') is ignored when average != 'binary' (got 'weighted'). You may use labels=[pos_label] to specify a single positive class.
  warnings.warn(

2026-04-15 20:49:57,058:INFO:Calculating mean and std
2026-04-15 20:49:57,058:INFO:Creating metrics dataframe
2026-04-15 20:49:57,058:INFO:Uploading results into container
2026-04-15 20:49:57,059:INFO:Uploading model into container now
2026-04-15 20:49:57,059:INFO:_master_model_container: 14
2026-04-15 20:49:57,059:INFO:_display_container: 2
2026-04-15 20:49:57,059:INFO:DummyClassifier(constant=None, random_state=42, strategy='prior')
2026-04-15 20:49:57,059:INFO:create_model() successfully completed......................................
2026-04-15 20:49:57,103:INFO:SubProcess create_model() end ==================================
2026-04-15 20:49:57,103:INFO:Creating metrics dataframe
2026-04-15 20:49:57,105:WARNING:/Users/yuandongran/Desktop/OIM3641_SP26_MyWork/.venv/lib/python3.11/site-packages/pycaret/internal/pycaret_experiment/supervised_experiment.py:339: FutureWarning: Styler.applymap has been deprecated. Use Styler.map instead.
  .applymap(highlight_cols, subset=["TT (Sec)"])

2026-04-15 20:49:57,106:INFO:Initializing create_model()
2026-04-15 20:49:57,106:INFO:create_model(self=<pycaret.classification.oop.ClassificationExperiment object at 0x177a8fd90>, estimator=LGBMClassifier(boosting_type='gbdt', class_weight=None, colsample_bytree=1.0,
               importance_type='split', learning_rate=0.1, max_depth=-1,
               min_child_samples=20, min_child_weight=0.001, min_split_gain=0.0,
               n_estimators=100, n_jobs=-1, num_leaves=31, objective=None,
               random_state=42, reg_alpha=0.0, reg_lambda=0.0, subsample=1.0,
               subsample_for_bin=200000, subsample_freq=0), fold=StratifiedKFold(n_splits=5, random_state=None, shuffle=False), round=4, cross_validation=False, predict=False, fit_kwargs={}, groups=None, refit=True, probability_threshold=None, experiment_custom_tags=None, verbose=False, system=False, add_to_model_list=True, metrics=None, display=None, model_only=True, return_train_score=False, error_score=0.0, kwargs={})
2026-04-15 20:49:57,106:INFO:Checking exceptions
2026-04-15 20:49:57,106:INFO:Importing libraries
2026-04-15 20:49:57,106:INFO:Copying training dataset
2026-04-15 20:49:57,110:INFO:Defining folds
2026-04-15 20:49:57,110:INFO:Declaring metric variables
2026-04-15 20:49:57,110:INFO:Importing untrained model
2026-04-15 20:49:57,110:INFO:Declaring custom model
2026-04-15 20:49:57,111:INFO:Light Gradient Boosting Machine Imported successfully
2026-04-15 20:49:57,111:INFO:Cross validation set to False
2026-04-15 20:49:57,111:INFO:Fitting Model
2026-04-15 20:49:57,315:INFO:[LightGBM] [Info] Number of positive: 6273, number of negative: 19775
2026-04-15 20:49:57,323:INFO:[LightGBM] [Info] Auto-choosing row-wise multi-threading, the overhead of testing was 0.003544 seconds.
2026-04-15 20:49:57,323:INFO:You can set `force_row_wise=true` to remove the overhead.
2026-04-15 20:49:57,323:INFO:And if memory is not enough, you can set `force_col_wise=true`.
2026-04-15 20:49:57,323:INFO:[LightGBM] [Info] Total Bins 783
2026-04-15 20:49:57,323:INFO:[LightGBM] [Info] Number of data points in the train set: 26048, number of used features: 60
2026-04-15 20:49:57,323:INFO:[LightGBM] [Info] [binary:BoostFromScore]: pavg=0.240825 -> initscore=-1.148164
2026-04-15 20:49:57,323:INFO:[LightGBM] [Info] Start training from score -1.148164
2026-04-15 20:49:57,848:INFO:LGBMClassifier(boosting_type='gbdt', class_weight=None, colsample_bytree=1.0,
               importance_type='split', learning_rate=0.1, max_depth=-1,
               min_child_samples=20, min_child_weight=0.001, min_split_gain=0.0,
               n_estimators=100, n_jobs=-1, num_leaves=31, objective=None,
               random_state=42, reg_alpha=0.0, reg_lambda=0.0, subsample=1.0,
               subsample_for_bin=200000, subsample_freq=0)
2026-04-15 20:49:57,848:INFO:create_model() successfully completed......................................
2026-04-15 20:49:57,891:INFO:Initializing create_model()
2026-04-15 20:49:57,898:INFO:create_model(self=<pycaret.classification.oop.ClassificationExperiment object at 0x177a8fd90>, estimator=GradientBoostingClassifier(ccp_alpha=0.0, criterion='friedman_mse', init=None,
                           learning_rate=0.1, loss='log_loss', max_depth=3,
                           max_features=None, max_leaf_nodes=None,
                           min_impurity_decrease=0.0, min_samples_leaf=1,
                           min_samples_split=2, min_weight_fraction_leaf=0.0,
                           n_estimators=100, n_iter_no_change=None,
                           random_state=42, subsample=1.0, tol=0.0001,
                           validation_fraction=0.1, verbose=0,
                           warm_start=False), fold=StratifiedKFold(n_splits=5, random_state=None, shuffle=False), round=4, cross_validation=False, predict=False, fit_kwargs={}, groups=None, refit=True, probability_threshold=None, experiment_custom_tags=None, verbose=False, system=False, add_to_model_list=True, metrics=None, display=None, model_only=True, return_train_score=False, error_score=0.0, kwargs={})
2026-04-15 20:49:57,898:INFO:Checking exceptions
2026-04-15 20:49:57,898:INFO:Importing libraries
2026-04-15 20:49:57,898:INFO:Copying training dataset
2026-04-15 20:49:57,902:INFO:Defining folds
2026-04-15 20:49:57,902:INFO:Declaring metric variables
2026-04-15 20:49:57,902:INFO:Importing untrained model
2026-04-15 20:49:57,902:INFO:Declaring custom model
2026-04-15 20:49:57,902:INFO:Gradient Boosting Classifier Imported successfully
2026-04-15 20:49:57,903:INFO:Cross validation set to False
2026-04-15 20:49:57,903:INFO:Fitting Model
2026-04-15 20:50:00,274:INFO:GradientBoostingClassifier(ccp_alpha=0.0, criterion='friedman_mse', init=None,
                           learning_rate=0.1, loss='log_loss', max_depth=3,
                           max_features=None, max_leaf_nodes=None,
                           min_impurity_decrease=0.0, min_samples_leaf=1,
                           min_samples_split=2, min_weight_fraction_leaf=0.0,
                           n_estimators=100, n_iter_no_change=None,
                           random_state=42, subsample=1.0, tol=0.0001,
                           validation_fraction=0.1, verbose=0,
                           warm_start=False)
2026-04-15 20:50:00,274:INFO:create_model() successfully completed......................................
2026-04-15 20:50:00,310:INFO:Initializing create_model()
2026-04-15 20:50:00,310:INFO:create_model(self=<pycaret.classification.oop.ClassificationExperiment object at 0x177a8fd90>, estimator=AdaBoostClassifier(algorithm='SAMME.R', estimator=None, learning_rate=1.0,
                   n_estimators=50, random_state=42), fold=StratifiedKFold(n_splits=5, random_state=None, shuffle=False), round=4, cross_validation=False, predict=False, fit_kwargs={}, groups=None, refit=True, probability_threshold=None, experiment_custom_tags=None, verbose=False, system=False, add_to_model_list=True, metrics=None, display=None, model_only=True, return_train_score=False, error_score=0.0, kwargs={})
2026-04-15 20:50:00,310:INFO:Checking exceptions
2026-04-15 20:50:00,310:INFO:Importing libraries
2026-04-15 20:50:00,310:INFO:Copying training dataset
2026-04-15 20:50:00,315:INFO:Defining folds
2026-04-15 20:50:00,315:INFO:Declaring metric variables
2026-04-15 20:50:00,315:INFO:Importing untrained model
2026-04-15 20:50:00,315:INFO:Declaring custom model
2026-04-15 20:50:00,315:INFO:Ada Boost Classifier Imported successfully
2026-04-15 20:50:00,316:INFO:Cross validation set to False
2026-04-15 20:50:00,316:INFO:Fitting Model
2026-04-15 20:50:00,470:WARNING:/Users/yuandongran/Desktop/OIM3641_SP26_MyWork/.venv/lib/python3.11/site-packages/sklearn/ensemble/_weight_boosting.py:519: FutureWarning: The SAMME.R algorithm (the default) is deprecated and will be removed in 1.6. Use the SAMME algorithm to circumvent this warning.
  warnings.warn(

2026-04-15 20:50:01,013:INFO:AdaBoostClassifier(algorithm='SAMME.R', estimator=None, learning_rate=1.0,
                   n_estimators=50, random_state=42)
2026-04-15 20:50:01,013:INFO:create_model() successfully completed......................................
2026-04-15 20:50:01,053:INFO:_master_model_container: 14
2026-04-15 20:50:01,053:INFO:_display_container: 2
2026-04-15 20:50:01,054:INFO:[LGBMClassifier(boosting_type='gbdt', class_weight=None, colsample_bytree=1.0,
               importance_type='split', learning_rate=0.1, max_depth=-1,
               min_child_samples=20, min_child_weight=0.001, min_split_gain=0.0,
               n_estimators=100, n_jobs=-1, num_leaves=31, objective=None,
               random_state=42, reg_alpha=0.0, reg_lambda=0.0, subsample=1.0,
               subsample_for_bin=200000, subsample_freq=0), GradientBoostingClassifier(ccp_alpha=0.0, criterion='friedman_mse', init=None,
                           learning_rate=0.1, loss='log_loss', max_depth=3,
                           max_features=None, max_leaf_nodes=None,
                           min_impurity_decrease=0.0, min_samples_leaf=1,
                           min_samples_split=2, min_weight_fraction_leaf=0.0,
                           n_estimators=100, n_iter_no_change=None,
                           random_state=42, subsample=1.0, tol=0.0001,
                           validation_fraction=0.1, verbose=0,
                           warm_start=False), AdaBoostClassifier(algorithm='SAMME.R', estimator=None, learning_rate=1.0,
                   n_estimators=50, random_state=42)]
2026-04-15 20:50:01,054:INFO:compare_models() successfully completed......................................
2026-04-15 20:50:01,054:INFO:Initializing plot_model()
2026-04-15 20:50:01,054:INFO:plot_model(self=<pycaret.classification.oop.ClassificationExperiment object at 0x177a8fd90>, estimator=LGBMClassifier(boosting_type='gbdt', class_weight=None, colsample_bytree=1.0,
               importance_type='split', learning_rate=0.1, max_depth=-1,
               min_child_samples=20, min_child_weight=0.001, min_split_gain=0.0,
               n_estimators=100, n_jobs=-1, num_leaves=31, objective=None,
               random_state=42, reg_alpha=0.0, reg_lambda=0.0, subsample=1.0,
               subsample_for_bin=200000, subsample_freq=0), plot=confusion_matrix, scale=1, save=True, fold=None, fit_kwargs=None, plot_kwargs=None, groups=None, feature_name=None, label=False, verbose=True, system=True, display=None, display_format=None)
2026-04-15 20:50:01,054:INFO:Checking exceptions
2026-04-15 20:50:01,056:INFO:Preloading libraries
2026-04-15 20:50:01,057:INFO:Copying training dataset
2026-04-15 20:50:01,057:INFO:Plot type: confusion_matrix
2026-04-15 20:50:01,365:INFO:Fitting Model
2026-04-15 20:50:01,367:INFO:Scoring test/hold-out set
2026-04-15 20:50:01,386:INFO:Saving 'Confusion Matrix.png'
2026-04-15 20:50:01,431:INFO:Visual Rendered Successfully
2026-04-15 20:50:01,473:INFO:plot_model() successfully completed......................................
2026-04-15 20:50:01,479:INFO:Initializing save_model()
2026-04-15 20:50:01,479:INFO:save_model(model=LGBMClassifier(boosting_type='gbdt', class_weight=None, colsample_bytree=1.0,
               importance_type='split', learning_rate=0.1, max_depth=-1,
               min_child_samples=20, min_child_weight=0.001, min_split_gain=0.0,
               n_estimators=100, n_jobs=-1, num_leaves=31, objective=None,
               random_state=42, reg_alpha=0.0, reg_lambda=0.0, subsample=1.0,
               subsample_for_bin=200000, subsample_freq=0), model_name=best_pipeline, prep_pipe_=Pipeline(memory=FastMemory(location=/var/folders/kn/vtn_q33s71b2kn1r7vbsyklm0000gn/T/joblib),
         steps=[('label_encoding',
                 TransformerWrapperWithInverse(exclude=None, include=None,
                                               transformer=LabelEncoder())),
                ('numerical_imputer',
                 TransformerWrapper(exclude=None,
                                    include=['age', 'fnlwgt', 'education_num',
                                             'capital_gain', 'capital_loss',
                                             'hours_per_week'],
                                    transf...
                 TransformerWrapper(exclude=None, include=['native_country'],
                                    transformer=TargetEncoder(cols=['native_country'],
                                                              drop_invariant=False,
                                                              handle_missing='return_nan',
                                                              handle_unknown='value',
                                                              hierarchy=None,
                                                              min_samples_leaf=20,
                                                              return_df=True,
                                                              smoothing=10,
                                                              verbose=0))),
                ('normalize',
                 TransformerWrapper(exclude=None, include=None,
                                    transformer=StandardScaler(copy=True,
                                                               with_mean=True,
                                                               with_std=True)))],
         verbose=False), verbose=True, use_case=MLUsecase.CLASSIFICATION, kwargs={})
2026-04-15 20:50:01,479:INFO:Adding model into prep_pipe
2026-04-15 20:50:01,507:INFO:best_pipeline.pkl saved in current working directory
2026-04-15 20:50:01,513:INFO:Pipeline(memory=Memory(location=None),
         steps=[('label_encoding',
                 TransformerWrapperWithInverse(exclude=None, include=None,
                                               transformer=LabelEncoder())),
                ('numerical_imputer',
                 TransformerWrapper(exclude=None,
                                    include=['age', 'fnlwgt', 'education_num',
                                             'capital_gain', 'capital_loss',
                                             'hours_per_week'],
                                    transformer=SimpleImputer(add_indicator=False,
                                                              copy=True,
                                                              fill_...
                 LGBMClassifier(boosting_type='gbdt', class_weight=None,
                                colsample_bytree=1.0, importance_type='split',
                                learning_rate=0.1, max_depth=-1,
                                min_child_samples=20, min_child_weight=0.001,
                                min_split_gain=0.0, n_estimators=100, n_jobs=-1,
                                num_leaves=31, objective=None, random_state=42,
                                reg_alpha=0.0, reg_lambda=0.0, subsample=1.0,
                                subsample_for_bin=200000, subsample_freq=0))],
         verbose=False)
2026-04-15 20:50:01,513:INFO:save_model() successfully completed......................................
2026-04-15 20:56:16,165:WARNING:
'cuml' is a soft dependency and not included in the pycaret installation. Please run: `pip install cuml` to install.
2026-04-15 20:56:16,166:WARNING:
'cuml' is a soft dependency and not included in the pycaret installation. Please run: `pip install cuml` to install.
2026-04-15 20:56:16,166:WARNING:
'cuml' is a soft dependency and not included in the pycaret installation. Please run: `pip install cuml` to install.
2026-04-15 20:56:16,166:WARNING:
'cuml' is a soft dependency and not included in the pycaret installation. Please run: `pip install cuml` to install.
2026-04-15 20:56:17,415:INFO:Initializing load_model()
2026-04-15 20:56:17,415:INFO:load_model(model_name=best_pipeline, platform=None, authentication=None, verbose=True)
2026-04-15 20:57:07,304:INFO:Initializing predict_model()
2026-04-15 20:57:07,304:INFO:predict_model(self=<pycaret.classification.oop.ClassificationExperiment object at 0x3052cb090>, estimator=Pipeline(memory=Memory(location=None),
         steps=[('label_encoding',
                 TransformerWrapperWithInverse(transformer=LabelEncoder())),
                ('numerical_imputer',
                 TransformerWrapper(include=['age', 'fnlwgt', 'education_num',
                                             'capital_gain', 'capital_loss',
                                             'hours_per_week'],
                                    transformer=SimpleImputer())),
                ('categorical_imputer',
                 TransformerWrapper(include=['workclass', 'educat...
                                                                    'occupation',
                                                                    'relationship',
                                                                    'race'],
                                                              handle_missing='return_nan',
                                                              use_cat_names=True))),
                ('rest_encoding',
                 TransformerWrapper(include=['native_country'],
                                    transformer=TargetEncoder(cols=['native_country'],
                                                              handle_missing='return_nan'))),
                ('normalize', TransformerWrapper(transformer=StandardScaler())),
                ('trained_model', LGBMClassifier(n_jobs=-1, random_state=42))]), probability_threshold=None, encoded_labels=False, raw_score=False, round=4, verbose=True, ml_usecase=None, preprocess=True, encode_labels=<function _SupervisedExperiment.predict_model.<locals>.encode_labels at 0x12db0bd80>)
2026-04-15 20:57:07,304:INFO:Checking exceptions
2026-04-15 20:57:07,304:INFO:Preloading libraries
2026-04-15 20:57:07,305:INFO:Set up data.
2026-04-15 20:57:07,310:INFO:Set up index.
